<?xml version="1.0" encoding="UTF-8"?>
<mxfile host="app.diagrams.net" agent="Mozilla/5.0 (Windows NT 10.0; Win64; x64) AppleWebKit/537.36 (KHTML, like Gecko) Chrome/142.0.0.0 Safari/537.36" version="28.2.8">
  <diagram name="페이지-1" id="_aI9wC5ZEPdZbjE8mHGc">
    <mxGraphModel dx="5550" dy="3759" grid="1" gridSize="10" guides="1" tooltips="1" connect="1" arrows="1" fold="1" page="1" pageScale="1" pageWidth="827" pageHeight="1169" math="0" shadow="0">
      <root>
        <mxCell id="0" />
        <mxCell id="1" parent="0" />
        <mxCell id="sd9chSyPTZ4-yCiE6B7C-15" value="" style="endArrow=none;html=1;rounded=0;" parent="1" source="sd9chSyPTZ4-yCiE6B7C-42" target="aV8pcYjn29Qp9_OsReKO-4" edge="1">
          <mxGeometry width="50" height="50" relative="1" as="geometry">
            <mxPoint x="-280" y="-136" as="sourcePoint" />
            <mxPoint x="529.9999999999995" y="-252" as="targetPoint" />
          </mxGeometry>
        </mxCell>
        <mxCell id="sd9chSyPTZ4-yCiE6B7C-16" value="" style="endArrow=none;html=1;rounded=0;" parent="1" source="sd9chSyPTZ4-yCiE6B7C-43" target="aV8pcYjn29Qp9_OsReKO-4" edge="1">
          <mxGeometry width="50" height="50" relative="1" as="geometry">
            <mxPoint x="-122" y="-137.01999999999998" as="sourcePoint" />
            <mxPoint x="529.9999999999995" y="-252" as="targetPoint" />
          </mxGeometry>
        </mxCell>
        <mxCell id="sd9chSyPTZ4-yCiE6B7C-17" value="" style="endArrow=none;html=1;rounded=0;" parent="1" source="sd9chSyPTZ4-yCiE6B7C-44" target="aV8pcYjn29Qp9_OsReKO-4" edge="1">
          <mxGeometry width="50" height="50" relative="1" as="geometry">
            <mxPoint x="50" y="-136" as="sourcePoint" />
            <mxPoint x="529.9999999999995" y="-252" as="targetPoint" />
          </mxGeometry>
        </mxCell>
        <mxCell id="sd9chSyPTZ4-yCiE6B7C-18" value="" style="endArrow=none;html=1;rounded=0;" parent="1" source="sd9chSyPTZ4-yCiE6B7C-45" target="aV8pcYjn29Qp9_OsReKO-4" edge="1">
          <mxGeometry width="50" height="50" relative="1" as="geometry">
            <mxPoint x="210" y="-136" as="sourcePoint" />
            <mxPoint x="529.9999999999995" y="-252" as="targetPoint" />
          </mxGeometry>
        </mxCell>
        <mxCell id="sd9chSyPTZ4-yCiE6B7C-19" value="" style="endArrow=none;html=1;rounded=0;" parent="1" source="sd9chSyPTZ4-yCiE6B7C-41" target="aV8pcYjn29Qp9_OsReKO-4" edge="1">
          <mxGeometry width="50" height="50" relative="1" as="geometry">
            <mxPoint x="-440" y="-136" as="sourcePoint" />
            <mxPoint x="529.9999999999995" y="-252" as="targetPoint" />
          </mxGeometry>
        </mxCell>
        <mxCell id="sd9chSyPTZ4-yCiE6B7C-20" value="" style="endArrow=none;html=1;rounded=0;" parent="1" source="sd9chSyPTZ4-yCiE6B7C-40" target="aV8pcYjn29Qp9_OsReKO-4" edge="1">
          <mxGeometry width="50" height="50" relative="1" as="geometry">
            <mxPoint x="-610" y="-136" as="sourcePoint" />
            <mxPoint x="529.9999999999995" y="-252" as="targetPoint" />
          </mxGeometry>
        </mxCell>
        <mxCell id="sd9chSyPTZ4-yCiE6B7C-21" value="" style="endArrow=none;html=1;rounded=0;" parent="1" source="sd9chSyPTZ4-yCiE6B7C-37" target="aV8pcYjn29Qp9_OsReKO-4" edge="1">
          <mxGeometry width="50" height="50" relative="1" as="geometry">
            <mxPoint x="-780" y="-136" as="sourcePoint" />
            <mxPoint x="529.9999999999995" y="-252" as="targetPoint" />
          </mxGeometry>
        </mxCell>
        <mxCell id="sd9chSyPTZ4-yCiE6B7C-37" value="회원아이디" style="ellipse;whiteSpace=wrap;html=1;align=center;fontStyle=4;fillColor=#EA6B66;" parent="1" vertex="1">
          <mxGeometry x="130" y="-500" width="100" height="40" as="geometry" />
        </mxCell>
        <mxCell id="sd9chSyPTZ4-yCiE6B7C-40" value="비밀번호" style="ellipse;whiteSpace=wrap;html=1;align=center;" parent="1" vertex="1">
          <mxGeometry x="130" y="-410" width="100" height="40" as="geometry" />
        </mxCell>
        <mxCell id="sd9chSyPTZ4-yCiE6B7C-41" value="이름" style="ellipse;whiteSpace=wrap;html=1;align=center;" parent="1" vertex="1">
          <mxGeometry x="130" y="-321" width="100" height="40" as="geometry" />
        </mxCell>
        <mxCell id="sd9chSyPTZ4-yCiE6B7C-42" value="나이" style="ellipse;whiteSpace=wrap;html=1;align=center;" parent="1" vertex="1">
          <mxGeometry x="130" y="-232" width="100" height="40" as="geometry" />
        </mxCell>
        <mxCell id="sd9chSyPTZ4-yCiE6B7C-43" value="직업" style="ellipse;whiteSpace=wrap;html=1;align=center;" parent="1" vertex="1">
          <mxGeometry x="130" y="-143" width="100" height="40" as="geometry" />
        </mxCell>
        <mxCell id="sd9chSyPTZ4-yCiE6B7C-44" value="등급" style="ellipse;whiteSpace=wrap;html=1;align=center;" parent="1" vertex="1">
          <mxGeometry x="130" y="-54" width="100" height="40" as="geometry" />
        </mxCell>
        <mxCell id="sd9chSyPTZ4-yCiE6B7C-45" value="적립금" style="ellipse;whiteSpace=wrap;html=1;align=center;" parent="1" vertex="1">
          <mxGeometry x="130" y="34" width="100" height="40" as="geometry" />
        </mxCell>
        <mxCell id="sd9chSyPTZ4-yCiE6B7C-46" value="상품" style="rounded=0;whiteSpace=wrap;html=1;fillColor=#FFFF99;rotation=0;" parent="1" vertex="1">
          <mxGeometry x="770" y="-279" width="120" height="60" as="geometry" />
        </mxCell>
        <mxCell id="sd9chSyPTZ4-yCiE6B7C-47" value="" style="endArrow=none;html=1;rounded=0;" parent="1" source="sd9chSyPTZ4-yCiE6B7C-57" target="sd9chSyPTZ4-yCiE6B7C-46" edge="1">
          <mxGeometry width="50" height="50" relative="1" as="geometry">
            <mxPoint x="830" y="-99" as="sourcePoint" />
            <mxPoint x="870" y="-179" as="targetPoint" />
          </mxGeometry>
        </mxCell>
        <mxCell id="sd9chSyPTZ4-yCiE6B7C-51" value="" style="endArrow=none;html=1;rounded=0;" parent="1" source="sd9chSyPTZ4-yCiE6B7C-56" target="sd9chSyPTZ4-yCiE6B7C-46" edge="1">
          <mxGeometry width="50" height="50" relative="1" as="geometry">
            <mxPoint x="670" y="-99" as="sourcePoint" />
            <mxPoint x="900" y="-129" as="targetPoint" />
          </mxGeometry>
        </mxCell>
        <mxCell id="sd9chSyPTZ4-yCiE6B7C-52" value="" style="endArrow=none;html=1;rounded=0;" parent="1" source="sd9chSyPTZ4-yCiE6B7C-55" target="sd9chSyPTZ4-yCiE6B7C-46" edge="1">
          <mxGeometry width="50" height="50" relative="1" as="geometry">
            <mxPoint x="500" y="-99" as="sourcePoint" />
            <mxPoint x="670" y="-79" as="targetPoint" />
          </mxGeometry>
        </mxCell>
        <mxCell id="sd9chSyPTZ4-yCiE6B7C-53" value="" style="endArrow=none;html=1;rounded=0;" parent="1" source="sd9chSyPTZ4-yCiE6B7C-54" edge="1" target="sd9chSyPTZ4-yCiE6B7C-46">
          <mxGeometry width="50" height="50" relative="1" as="geometry">
            <mxPoint x="330" y="-99" as="sourcePoint" />
            <mxPoint x="830" y="-219" as="targetPoint" />
          </mxGeometry>
        </mxCell>
        <mxCell id="sd9chSyPTZ4-yCiE6B7C-54" value="상품번호" style="ellipse;whiteSpace=wrap;html=1;align=center;fontStyle=4;fillColor=#EA6B66;" parent="1" vertex="1">
          <mxGeometry x="960" y="-446" width="100" height="40" as="geometry" />
        </mxCell>
        <mxCell id="sd9chSyPTZ4-yCiE6B7C-55" value="상품명" style="ellipse;whiteSpace=wrap;html=1;align=center;" parent="1" vertex="1">
          <mxGeometry x="960" y="-327" width="100" height="40" as="geometry" />
        </mxCell>
        <mxCell id="sd9chSyPTZ4-yCiE6B7C-56" value="재고량" style="ellipse;whiteSpace=wrap;html=1;align=center;" parent="1" vertex="1">
          <mxGeometry x="960" y="-208" width="100" height="40" as="geometry" />
        </mxCell>
        <mxCell id="sd9chSyPTZ4-yCiE6B7C-57" value="단가" style="ellipse;whiteSpace=wrap;html=1;align=center;" parent="1" vertex="1">
          <mxGeometry x="960" y="-89" width="100" height="40" as="geometry" />
        </mxCell>
        <mxCell id="sd9chSyPTZ4-yCiE6B7C-61" value="제조업체" style="rounded=0;whiteSpace=wrap;html=1;fillColor=#FFFF99;" parent="1" vertex="1">
          <mxGeometry x="2087" y="-880" width="120" height="60" as="geometry" />
        </mxCell>
        <mxCell id="sd9chSyPTZ4-yCiE6B7C-62" value="" style="endArrow=none;html=1;rounded=0;" parent="1" source="sd9chSyPTZ4-yCiE6B7C-69" target="sd9chSyPTZ4-yCiE6B7C-61" edge="1">
          <mxGeometry width="50" height="50" relative="1" as="geometry">
            <mxPoint x="2147" y="-680" as="sourcePoint" />
            <mxPoint x="2187" y="-760" as="targetPoint" />
          </mxGeometry>
        </mxCell>
        <mxCell id="sd9chSyPTZ4-yCiE6B7C-63" value="" style="endArrow=none;html=1;rounded=0;" parent="1" source="sd9chSyPTZ4-yCiE6B7C-68" target="sd9chSyPTZ4-yCiE6B7C-61" edge="1">
          <mxGeometry width="50" height="50" relative="1" as="geometry">
            <mxPoint x="1987" y="-680" as="sourcePoint" />
            <mxPoint x="2217" y="-710" as="targetPoint" />
          </mxGeometry>
        </mxCell>
        <mxCell id="sd9chSyPTZ4-yCiE6B7C-64" value="" style="endArrow=none;html=1;rounded=0;" parent="1" source="sd9chSyPTZ4-yCiE6B7C-67" target="sd9chSyPTZ4-yCiE6B7C-61" edge="1">
          <mxGeometry width="50" height="50" relative="1" as="geometry">
            <mxPoint x="1817" y="-680" as="sourcePoint" />
            <mxPoint x="1987" y="-660" as="targetPoint" />
          </mxGeometry>
        </mxCell>
        <mxCell id="sd9chSyPTZ4-yCiE6B7C-65" value="" style="endArrow=none;html=1;rounded=0;" parent="1" source="sd9chSyPTZ4-yCiE6B7C-66" edge="1" target="sd9chSyPTZ4-yCiE6B7C-61">
          <mxGeometry width="50" height="50" relative="1" as="geometry">
            <mxPoint x="1647" y="-680" as="sourcePoint" />
            <mxPoint x="2147" y="-800" as="targetPoint" />
          </mxGeometry>
        </mxCell>
        <mxCell id="sd9chSyPTZ4-yCiE6B7C-66" value="제조업체명" style="ellipse;whiteSpace=wrap;html=1;align=center;fontStyle=4;fillColor=#EA6B66;" parent="1" vertex="1">
          <mxGeometry x="1847" y="-690" width="100" height="40" as="geometry" />
        </mxCell>
        <mxCell id="sd9chSyPTZ4-yCiE6B7C-67" value="전화번호" style="ellipse;whiteSpace=wrap;html=1;align=center;" parent="1" vertex="1">
          <mxGeometry x="2017" y="-690" width="100" height="40" as="geometry" />
        </mxCell>
        <mxCell id="sd9chSyPTZ4-yCiE6B7C-68" value="위치" style="ellipse;whiteSpace=wrap;html=1;align=center;" parent="1" vertex="1">
          <mxGeometry x="2187" y="-690" width="100" height="40" as="geometry" />
        </mxCell>
        <mxCell id="sd9chSyPTZ4-yCiE6B7C-69" value="담당자" style="ellipse;whiteSpace=wrap;html=1;align=center;" parent="1" vertex="1">
          <mxGeometry x="2347" y="-690" width="100" height="40" as="geometry" />
        </mxCell>
        <mxCell id="sd9chSyPTZ4-yCiE6B7C-70" value="게시글" style="rounded=0;whiteSpace=wrap;html=1;fillColor=#FFFF99;" parent="1" vertex="1">
          <mxGeometry x="2717" y="-880" width="120" height="60" as="geometry" />
        </mxCell>
        <mxCell id="sd9chSyPTZ4-yCiE6B7C-71" value="" style="endArrow=none;html=1;rounded=0;" parent="1" source="sd9chSyPTZ4-yCiE6B7C-78" target="sd9chSyPTZ4-yCiE6B7C-70" edge="1">
          <mxGeometry width="50" height="50" relative="1" as="geometry">
            <mxPoint x="2777" y="-680" as="sourcePoint" />
            <mxPoint x="2817" y="-760" as="targetPoint" />
          </mxGeometry>
        </mxCell>
        <mxCell id="sd9chSyPTZ4-yCiE6B7C-72" value="" style="endArrow=none;html=1;rounded=0;" parent="1" source="sd9chSyPTZ4-yCiE6B7C-77" target="sd9chSyPTZ4-yCiE6B7C-70" edge="1">
          <mxGeometry width="50" height="50" relative="1" as="geometry">
            <mxPoint x="2617" y="-680" as="sourcePoint" />
            <mxPoint x="2847" y="-710" as="targetPoint" />
          </mxGeometry>
        </mxCell>
        <mxCell id="sd9chSyPTZ4-yCiE6B7C-73" value="" style="endArrow=none;html=1;rounded=0;" parent="1" source="sd9chSyPTZ4-yCiE6B7C-76" target="sd9chSyPTZ4-yCiE6B7C-70" edge="1">
          <mxGeometry width="50" height="50" relative="1" as="geometry">
            <mxPoint x="2447" y="-680" as="sourcePoint" />
            <mxPoint x="2617" y="-660" as="targetPoint" />
          </mxGeometry>
        </mxCell>
        <mxCell id="sd9chSyPTZ4-yCiE6B7C-74" value="" style="endArrow=none;html=1;rounded=0;" parent="1" source="sd9chSyPTZ4-yCiE6B7C-75" edge="1" target="sd9chSyPTZ4-yCiE6B7C-70">
          <mxGeometry width="50" height="50" relative="1" as="geometry">
            <mxPoint x="2277" y="-680" as="sourcePoint" />
            <mxPoint x="2777" y="-800" as="targetPoint" />
          </mxGeometry>
        </mxCell>
        <mxCell id="sd9chSyPTZ4-yCiE6B7C-75" value="글번호" style="ellipse;whiteSpace=wrap;html=1;align=center;fontStyle=4;fillColor=#EA6B66;" parent="1" vertex="1">
          <mxGeometry x="2477" y="-690" width="100" height="40" as="geometry" />
        </mxCell>
        <mxCell id="sd9chSyPTZ4-yCiE6B7C-76" value="글제목" style="ellipse;whiteSpace=wrap;html=1;align=center;" parent="1" vertex="1">
          <mxGeometry x="2647" y="-690" width="100" height="40" as="geometry" />
        </mxCell>
        <mxCell id="sd9chSyPTZ4-yCiE6B7C-77" value="글내용" style="ellipse;whiteSpace=wrap;html=1;align=center;" parent="1" vertex="1">
          <mxGeometry x="2817" y="-690" width="100" height="40" as="geometry" />
        </mxCell>
        <mxCell id="sd9chSyPTZ4-yCiE6B7C-78" value="작성일자" style="ellipse;whiteSpace=wrap;html=1;align=center;" parent="1" vertex="1">
          <mxGeometry x="2977" y="-690" width="100" height="40" as="geometry" />
        </mxCell>
        <mxCell id="aV8pcYjn29Qp9_OsReKO-4" value="회원" style="rounded=0;whiteSpace=wrap;html=1;fillColor=#FFFF99;" parent="1" vertex="1">
          <mxGeometry x="340" y="-277.5" width="120" height="60" as="geometry" />
        </mxCell>
        <mxCell id="aV8pcYjn29Qp9_OsReKO-5" value="주문" style="shape=rhombus;perimeter=rhombusPerimeter;whiteSpace=wrap;html=1;align=center;fillColor=#A9C4EB;" parent="1" vertex="1">
          <mxGeometry x="550" y="-277.5" width="120" height="60" as="geometry" />
        </mxCell>
        <mxCell id="QmGqzIViv_ftUZ6-CF1x-5" value="" style="endArrow=none;html=1;rounded=0;entryX=0;entryY=0.5;entryDx=0;entryDy=0;exitX=1;exitY=0.5;exitDx=0;exitDy=0;" edge="1" parent="1" source="aV8pcYjn29Qp9_OsReKO-5" target="sd9chSyPTZ4-yCiE6B7C-46">
          <mxGeometry width="50" height="50" relative="1" as="geometry">
            <mxPoint x="650" y="-163.5" as="sourcePoint" />
            <mxPoint x="700" y="-213.5" as="targetPoint" />
          </mxGeometry>
        </mxCell>
        <mxCell id="QmGqzIViv_ftUZ6-CF1x-6" value="" style="endArrow=none;html=1;rounded=0;entryX=1;entryY=0.5;entryDx=0;entryDy=0;exitX=0;exitY=0.5;exitDx=0;exitDy=0;" edge="1" parent="1" source="aV8pcYjn29Qp9_OsReKO-5" target="aV8pcYjn29Qp9_OsReKO-4">
          <mxGeometry width="50" height="50" relative="1" as="geometry">
            <mxPoint x="820" y="-251.5" as="sourcePoint" />
            <mxPoint x="1000" y="-243.5" as="targetPoint" />
          </mxGeometry>
        </mxCell>
        <mxCell id="QmGqzIViv_ftUZ6-CF1x-11" value="주문수량" style="ellipse;whiteSpace=wrap;html=1;align=center;" vertex="1" parent="1">
          <mxGeometry x="497" y="-69.5" width="100" height="40" as="geometry" />
        </mxCell>
        <mxCell id="QmGqzIViv_ftUZ6-CF1x-13" value="주문일자" style="ellipse;whiteSpace=wrap;html=1;align=center;" vertex="1" parent="1">
          <mxGeometry x="750" y="-69.5" width="100" height="40" as="geometry" />
        </mxCell>
        <mxCell id="QmGqzIViv_ftUZ6-CF1x-15" value="배송지" style="ellipse;whiteSpace=wrap;html=1;align=center;" vertex="1" parent="1">
          <mxGeometry x="623" y="-69.5" width="100" height="40" as="geometry" />
        </mxCell>
        <mxCell id="QmGqzIViv_ftUZ6-CF1x-16" value="" style="endArrow=none;html=1;rounded=0;" edge="1" parent="1" source="QmGqzIViv_ftUZ6-CF1x-21" target="aV8pcYjn29Qp9_OsReKO-5">
          <mxGeometry width="50" height="50" relative="1" as="geometry">
            <mxPoint x="436.58117710865326" y="-50.36823602019149" as="sourcePoint" />
            <mxPoint x="920" y="38.5" as="targetPoint" />
          </mxGeometry>
        </mxCell>
        <mxCell id="QmGqzIViv_ftUZ6-CF1x-17" value="" style="endArrow=none;html=1;rounded=0;" edge="1" parent="1" source="QmGqzIViv_ftUZ6-CF1x-11" target="aV8pcYjn29Qp9_OsReKO-5">
          <mxGeometry width="50" height="50" relative="1" as="geometry">
            <mxPoint x="400" y="76.5" as="sourcePoint" />
            <mxPoint x="600" y="-71.5" as="targetPoint" />
          </mxGeometry>
        </mxCell>
        <mxCell id="QmGqzIViv_ftUZ6-CF1x-18" value="" style="endArrow=none;html=1;rounded=0;" edge="1" parent="1" source="QmGqzIViv_ftUZ6-CF1x-15" target="aV8pcYjn29Qp9_OsReKO-5">
          <mxGeometry width="50" height="50" relative="1" as="geometry">
            <mxPoint x="640" y="76.5" as="sourcePoint" />
            <mxPoint x="610" y="-221.5" as="targetPoint" />
          </mxGeometry>
        </mxCell>
        <mxCell id="QmGqzIViv_ftUZ6-CF1x-19" value="" style="endArrow=none;html=1;rounded=0;" edge="1" parent="1" source="QmGqzIViv_ftUZ6-CF1x-13" target="aV8pcYjn29Qp9_OsReKO-5">
          <mxGeometry width="50" height="50" relative="1" as="geometry">
            <mxPoint x="702" y="-18.5" as="sourcePoint" />
            <mxPoint x="640" y="-171.5" as="targetPoint" />
          </mxGeometry>
        </mxCell>
        <mxCell id="QmGqzIViv_ftUZ6-CF1x-21" value="주문번호" style="ellipse;whiteSpace=wrap;html=1;align=center;fontStyle=4;fillColor=#EA6B66;" vertex="1" parent="1">
          <mxGeometry x="370" y="-69.5" width="100" height="40" as="geometry" />
        </mxCell>
        <mxCell id="QmGqzIViv_ftUZ6-CF1x-24" value="" style="endArrow=none;html=1;rounded=0;" edge="1" parent="1" source="QmGqzIViv_ftUZ6-CF1x-34" target="QmGqzIViv_ftUZ6-CF1x-38">
          <mxGeometry width="50" height="50" relative="1" as="geometry">
            <mxPoint x="-23" y="-656" as="sourcePoint" />
            <mxPoint x="786.9999999999995" y="-772" as="targetPoint" />
          </mxGeometry>
        </mxCell>
        <mxCell id="QmGqzIViv_ftUZ6-CF1x-25" value="" style="endArrow=none;html=1;rounded=0;" edge="1" parent="1" source="QmGqzIViv_ftUZ6-CF1x-35" target="QmGqzIViv_ftUZ6-CF1x-38">
          <mxGeometry width="50" height="50" relative="1" as="geometry">
            <mxPoint x="135" y="-657.02" as="sourcePoint" />
            <mxPoint x="786.9999999999995" y="-772" as="targetPoint" />
          </mxGeometry>
        </mxCell>
        <mxCell id="QmGqzIViv_ftUZ6-CF1x-26" value="" style="endArrow=none;html=1;rounded=0;" edge="1" parent="1" source="QmGqzIViv_ftUZ6-CF1x-36" target="QmGqzIViv_ftUZ6-CF1x-38">
          <mxGeometry width="50" height="50" relative="1" as="geometry">
            <mxPoint x="307" y="-656" as="sourcePoint" />
            <mxPoint x="786.9999999999995" y="-772" as="targetPoint" />
          </mxGeometry>
        </mxCell>
        <mxCell id="QmGqzIViv_ftUZ6-CF1x-27" value="" style="endArrow=none;html=1;rounded=0;" edge="1" parent="1" source="QmGqzIViv_ftUZ6-CF1x-37" target="QmGqzIViv_ftUZ6-CF1x-38">
          <mxGeometry width="50" height="50" relative="1" as="geometry">
            <mxPoint x="467" y="-656" as="sourcePoint" />
            <mxPoint x="786.9999999999995" y="-772" as="targetPoint" />
          </mxGeometry>
        </mxCell>
        <mxCell id="QmGqzIViv_ftUZ6-CF1x-28" value="" style="endArrow=none;html=1;rounded=0;" edge="1" parent="1" source="QmGqzIViv_ftUZ6-CF1x-33" target="QmGqzIViv_ftUZ6-CF1x-38">
          <mxGeometry width="50" height="50" relative="1" as="geometry">
            <mxPoint x="-183" y="-656" as="sourcePoint" />
            <mxPoint x="786.9999999999995" y="-772" as="targetPoint" />
          </mxGeometry>
        </mxCell>
        <mxCell id="QmGqzIViv_ftUZ6-CF1x-29" value="" style="endArrow=none;html=1;rounded=0;" edge="1" parent="1" source="QmGqzIViv_ftUZ6-CF1x-32" target="QmGqzIViv_ftUZ6-CF1x-38">
          <mxGeometry width="50" height="50" relative="1" as="geometry">
            <mxPoint x="-353" y="-656" as="sourcePoint" />
            <mxPoint x="786.9999999999995" y="-772" as="targetPoint" />
          </mxGeometry>
        </mxCell>
        <mxCell id="QmGqzIViv_ftUZ6-CF1x-30" value="" style="endArrow=none;html=1;rounded=0;" edge="1" parent="1" source="QmGqzIViv_ftUZ6-CF1x-31" target="QmGqzIViv_ftUZ6-CF1x-38">
          <mxGeometry width="50" height="50" relative="1" as="geometry">
            <mxPoint x="-523" y="-656" as="sourcePoint" />
            <mxPoint x="786.9999999999995" y="-772" as="targetPoint" />
          </mxGeometry>
        </mxCell>
        <mxCell id="QmGqzIViv_ftUZ6-CF1x-31" value="회원아이디" style="ellipse;whiteSpace=wrap;html=1;align=center;fontStyle=4;fillColor=#EA6B66;" vertex="1" parent="1">
          <mxGeometry x="290" y="-690" width="100" height="40" as="geometry" />
        </mxCell>
        <mxCell id="QmGqzIViv_ftUZ6-CF1x-32" value="비밀번호" style="ellipse;whiteSpace=wrap;html=1;align=center;" vertex="1" parent="1">
          <mxGeometry x="417" y="-690" width="100" height="40" as="geometry" />
        </mxCell>
        <mxCell id="QmGqzIViv_ftUZ6-CF1x-33" value="이름" style="ellipse;whiteSpace=wrap;html=1;align=center;" vertex="1" parent="1">
          <mxGeometry x="541" y="-690" width="100" height="40" as="geometry" />
        </mxCell>
        <mxCell id="QmGqzIViv_ftUZ6-CF1x-34" value="나이" style="ellipse;whiteSpace=wrap;html=1;align=center;" vertex="1" parent="1">
          <mxGeometry x="665" y="-690" width="100" height="40" as="geometry" />
        </mxCell>
        <mxCell id="QmGqzIViv_ftUZ6-CF1x-35" value="직업" style="ellipse;whiteSpace=wrap;html=1;align=center;" vertex="1" parent="1">
          <mxGeometry x="789" y="-690" width="100" height="40" as="geometry" />
        </mxCell>
        <mxCell id="QmGqzIViv_ftUZ6-CF1x-36" value="등급" style="ellipse;whiteSpace=wrap;html=1;align=center;" vertex="1" parent="1">
          <mxGeometry x="913" y="-690" width="100" height="40" as="geometry" />
        </mxCell>
        <mxCell id="QmGqzIViv_ftUZ6-CF1x-37" value="적립금" style="ellipse;whiteSpace=wrap;html=1;align=center;" vertex="1" parent="1">
          <mxGeometry x="1037" y="-690" width="100" height="40" as="geometry" />
        </mxCell>
        <mxCell id="QmGqzIViv_ftUZ6-CF1x-38" value="회원" style="rounded=0;whiteSpace=wrap;html=1;fillColor=#FFFF99;rotation=0;" vertex="1" parent="1">
          <mxGeometry x="677" y="-880" width="120" height="60" as="geometry" />
        </mxCell>
        <mxCell id="QmGqzIViv_ftUZ6-CF1x-40" value="상품" style="rounded=0;whiteSpace=wrap;html=1;fillColor=#FFFF99;rotation=0;" vertex="1" parent="1">
          <mxGeometry x="1447" y="-880" width="120" height="60" as="geometry" />
        </mxCell>
        <mxCell id="QmGqzIViv_ftUZ6-CF1x-41" value="" style="endArrow=none;html=1;rounded=0;" edge="1" parent="1" source="QmGqzIViv_ftUZ6-CF1x-48" target="QmGqzIViv_ftUZ6-CF1x-40">
          <mxGeometry width="50" height="50" relative="1" as="geometry">
            <mxPoint x="1564" y="-656" as="sourcePoint" />
            <mxPoint x="1604" y="-736" as="targetPoint" />
          </mxGeometry>
        </mxCell>
        <mxCell id="QmGqzIViv_ftUZ6-CF1x-42" value="" style="endArrow=none;html=1;rounded=0;" edge="1" parent="1" source="QmGqzIViv_ftUZ6-CF1x-47" target="QmGqzIViv_ftUZ6-CF1x-40">
          <mxGeometry width="50" height="50" relative="1" as="geometry">
            <mxPoint x="1404" y="-656" as="sourcePoint" />
            <mxPoint x="1634" y="-686" as="targetPoint" />
          </mxGeometry>
        </mxCell>
        <mxCell id="QmGqzIViv_ftUZ6-CF1x-43" value="" style="endArrow=none;html=1;rounded=0;" edge="1" parent="1" source="QmGqzIViv_ftUZ6-CF1x-46" target="QmGqzIViv_ftUZ6-CF1x-40">
          <mxGeometry width="50" height="50" relative="1" as="geometry">
            <mxPoint x="1234" y="-656" as="sourcePoint" />
            <mxPoint x="1404" y="-636" as="targetPoint" />
          </mxGeometry>
        </mxCell>
        <mxCell id="QmGqzIViv_ftUZ6-CF1x-44" value="" style="endArrow=none;html=1;rounded=0;" edge="1" parent="1" source="QmGqzIViv_ftUZ6-CF1x-45" target="QmGqzIViv_ftUZ6-CF1x-40">
          <mxGeometry width="50" height="50" relative="1" as="geometry">
            <mxPoint x="1064" y="-656" as="sourcePoint" />
            <mxPoint x="1564" y="-776" as="targetPoint" />
          </mxGeometry>
        </mxCell>
        <mxCell id="QmGqzIViv_ftUZ6-CF1x-45" value="상품번호" style="ellipse;whiteSpace=wrap;html=1;align=center;fontStyle=4;fillColor=#EA6B66;" vertex="1" parent="1">
          <mxGeometry x="1694" y="-690" width="100" height="40" as="geometry" />
        </mxCell>
        <mxCell id="QmGqzIViv_ftUZ6-CF1x-46" value="상품명" style="ellipse;whiteSpace=wrap;html=1;align=center;" vertex="1" parent="1">
          <mxGeometry x="1528" y="-690" width="100" height="40" as="geometry" />
        </mxCell>
        <mxCell id="QmGqzIViv_ftUZ6-CF1x-47" value="재고량" style="ellipse;whiteSpace=wrap;html=1;align=center;" vertex="1" parent="1">
          <mxGeometry x="1363" y="-690" width="100" height="40" as="geometry" />
        </mxCell>
        <mxCell id="QmGqzIViv_ftUZ6-CF1x-48" value="단가" style="ellipse;whiteSpace=wrap;html=1;align=center;" vertex="1" parent="1">
          <mxGeometry x="1197" y="-690" width="100" height="40" as="geometry" />
        </mxCell>
        <mxCell id="QmGqzIViv_ftUZ6-CF1x-49" value="상품" style="rounded=0;whiteSpace=wrap;html=1;fillColor=#FFFF99;rotation=0;" vertex="1" parent="1">
          <mxGeometry x="1400" y="-302" width="120" height="60" as="geometry" />
        </mxCell>
        <mxCell id="QmGqzIViv_ftUZ6-CF1x-50" value="" style="endArrow=none;html=1;rounded=0;" edge="1" parent="1" source="QmGqzIViv_ftUZ6-CF1x-57" target="QmGqzIViv_ftUZ6-CF1x-49">
          <mxGeometry width="50" height="50" relative="1" as="geometry">
            <mxPoint x="1530" y="-92.5" as="sourcePoint" />
            <mxPoint x="1570" y="-172.5" as="targetPoint" />
          </mxGeometry>
        </mxCell>
        <mxCell id="QmGqzIViv_ftUZ6-CF1x-51" value="" style="endArrow=none;html=1;rounded=0;" edge="1" parent="1" source="QmGqzIViv_ftUZ6-CF1x-56" target="QmGqzIViv_ftUZ6-CF1x-49">
          <mxGeometry width="50" height="50" relative="1" as="geometry">
            <mxPoint x="1370" y="-92.5" as="sourcePoint" />
            <mxPoint x="1600" y="-122.5" as="targetPoint" />
          </mxGeometry>
        </mxCell>
        <mxCell id="QmGqzIViv_ftUZ6-CF1x-52" value="" style="endArrow=none;html=1;rounded=0;" edge="1" parent="1" source="QmGqzIViv_ftUZ6-CF1x-55" target="QmGqzIViv_ftUZ6-CF1x-49">
          <mxGeometry width="50" height="50" relative="1" as="geometry">
            <mxPoint x="1200" y="-92.5" as="sourcePoint" />
            <mxPoint x="1370" y="-72.5" as="targetPoint" />
          </mxGeometry>
        </mxCell>
        <mxCell id="QmGqzIViv_ftUZ6-CF1x-53" value="" style="endArrow=none;html=1;rounded=0;" edge="1" parent="1" source="QmGqzIViv_ftUZ6-CF1x-54" target="QmGqzIViv_ftUZ6-CF1x-49">
          <mxGeometry width="50" height="50" relative="1" as="geometry">
            <mxPoint x="1030" y="-92.5" as="sourcePoint" />
            <mxPoint x="1530" y="-212.5" as="targetPoint" />
          </mxGeometry>
        </mxCell>
        <mxCell id="QmGqzIViv_ftUZ6-CF1x-54" value="상품번호" style="ellipse;whiteSpace=wrap;html=1;align=center;fontStyle=4;fillColor=#EA6B66;" vertex="1" parent="1">
          <mxGeometry x="1220" y="-400" width="100" height="40" as="geometry" />
        </mxCell>
        <mxCell id="QmGqzIViv_ftUZ6-CF1x-55" value="상품명" style="ellipse;whiteSpace=wrap;html=1;align=center;" vertex="1" parent="1">
          <mxGeometry x="1220" y="-327" width="100" height="40" as="geometry" />
        </mxCell>
        <mxCell id="QmGqzIViv_ftUZ6-CF1x-56" value="재고량" style="ellipse;whiteSpace=wrap;html=1;align=center;" vertex="1" parent="1">
          <mxGeometry x="1220" y="-247" width="100" height="40" as="geometry" />
        </mxCell>
        <mxCell id="QmGqzIViv_ftUZ6-CF1x-57" value="단가" style="ellipse;whiteSpace=wrap;html=1;align=center;" vertex="1" parent="1">
          <mxGeometry x="1220" y="-168" width="100" height="40" as="geometry" />
        </mxCell>
        <mxCell id="QmGqzIViv_ftUZ6-CF1x-59" value="공급" style="shape=rhombus;perimeter=rhombusPerimeter;whiteSpace=wrap;html=1;align=center;fillColor=#A9C4EB;" vertex="1" parent="1">
          <mxGeometry x="1573.5" y="-302" width="120" height="60" as="geometry" />
        </mxCell>
        <mxCell id="QmGqzIViv_ftUZ6-CF1x-60" value="" style="endArrow=none;html=1;rounded=0;exitX=1;exitY=0.5;exitDx=0;exitDy=0;" edge="1" parent="1" source="QmGqzIViv_ftUZ6-CF1x-59" target="QmGqzIViv_ftUZ6-CF1x-70">
          <mxGeometry width="50" height="50" relative="1" as="geometry">
            <mxPoint x="1673.5" y="-188" as="sourcePoint" />
            <mxPoint x="1873.5" y="-268" as="targetPoint" />
          </mxGeometry>
        </mxCell>
        <mxCell id="QmGqzIViv_ftUZ6-CF1x-63" value="공급량" style="ellipse;whiteSpace=wrap;html=1;align=center;" vertex="1" parent="1">
          <mxGeometry x="1647" y="-103" width="100" height="40" as="geometry" />
        </mxCell>
        <mxCell id="QmGqzIViv_ftUZ6-CF1x-64" value="공급일자" style="ellipse;whiteSpace=wrap;html=1;align=center;" vertex="1" parent="1">
          <mxGeometry x="1520" y="-103" width="100" height="40" as="geometry" />
        </mxCell>
        <mxCell id="QmGqzIViv_ftUZ6-CF1x-67" value="" style="endArrow=none;html=1;rounded=0;" edge="1" parent="1" source="QmGqzIViv_ftUZ6-CF1x-64" target="QmGqzIViv_ftUZ6-CF1x-59">
          <mxGeometry width="50" height="50" relative="1" as="geometry">
            <mxPoint x="1663.5" y="52" as="sourcePoint" />
            <mxPoint x="1633.5" y="-246" as="targetPoint" />
          </mxGeometry>
        </mxCell>
        <mxCell id="QmGqzIViv_ftUZ6-CF1x-68" value="" style="endArrow=none;html=1;rounded=0;" edge="1" parent="1" source="QmGqzIViv_ftUZ6-CF1x-63" target="QmGqzIViv_ftUZ6-CF1x-59">
          <mxGeometry width="50" height="50" relative="1" as="geometry">
            <mxPoint x="1725.5" y="-43" as="sourcePoint" />
            <mxPoint x="1663.5" y="-196" as="targetPoint" />
          </mxGeometry>
        </mxCell>
        <mxCell id="QmGqzIViv_ftUZ6-CF1x-70" value="제조업체" style="rounded=0;whiteSpace=wrap;html=1;fillColor=#FFFF99;" vertex="1" parent="1">
          <mxGeometry x="1760" y="-302" width="120" height="60" as="geometry" />
        </mxCell>
        <mxCell id="QmGqzIViv_ftUZ6-CF1x-71" value="" style="endArrow=none;html=1;rounded=0;" edge="1" parent="1" source="QmGqzIViv_ftUZ6-CF1x-78" target="QmGqzIViv_ftUZ6-CF1x-70">
          <mxGeometry width="50" height="50" relative="1" as="geometry">
            <mxPoint x="1973.5" y="-102" as="sourcePoint" />
            <mxPoint x="2013.5" y="-182" as="targetPoint" />
          </mxGeometry>
        </mxCell>
        <mxCell id="QmGqzIViv_ftUZ6-CF1x-72" value="" style="endArrow=none;html=1;rounded=0;" edge="1" parent="1" source="QmGqzIViv_ftUZ6-CF1x-77" target="QmGqzIViv_ftUZ6-CF1x-70">
          <mxGeometry width="50" height="50" relative="1" as="geometry">
            <mxPoint x="1813.5" y="-102" as="sourcePoint" />
            <mxPoint x="2043.5" y="-132" as="targetPoint" />
          </mxGeometry>
        </mxCell>
        <mxCell id="QmGqzIViv_ftUZ6-CF1x-73" value="" style="endArrow=none;html=1;rounded=0;" edge="1" parent="1" source="QmGqzIViv_ftUZ6-CF1x-76" target="QmGqzIViv_ftUZ6-CF1x-70">
          <mxGeometry width="50" height="50" relative="1" as="geometry">
            <mxPoint x="1643.5" y="-102" as="sourcePoint" />
            <mxPoint x="1813.5" y="-82" as="targetPoint" />
          </mxGeometry>
        </mxCell>
        <mxCell id="QmGqzIViv_ftUZ6-CF1x-74" value="" style="endArrow=none;html=1;rounded=0;" edge="1" parent="1" source="QmGqzIViv_ftUZ6-CF1x-75" target="QmGqzIViv_ftUZ6-CF1x-70">
          <mxGeometry width="50" height="50" relative="1" as="geometry">
            <mxPoint x="1473.5" y="-102" as="sourcePoint" />
            <mxPoint x="1973.5" y="-222" as="targetPoint" />
          </mxGeometry>
        </mxCell>
        <mxCell id="QmGqzIViv_ftUZ6-CF1x-75" value="제조업체명" style="ellipse;whiteSpace=wrap;html=1;align=center;fontStyle=4;fillColor=#EA6B66;" vertex="1" parent="1">
          <mxGeometry x="1970" y="-406" width="100" height="40" as="geometry" />
        </mxCell>
        <mxCell id="QmGqzIViv_ftUZ6-CF1x-76" value="전화번호" style="ellipse;whiteSpace=wrap;html=1;align=center;" vertex="1" parent="1">
          <mxGeometry x="1970" y="-326" width="100" height="40" as="geometry" />
        </mxCell>
        <mxCell id="QmGqzIViv_ftUZ6-CF1x-77" value="위치" style="ellipse;whiteSpace=wrap;html=1;align=center;" vertex="1" parent="1">
          <mxGeometry x="1970" y="-247" width="100" height="40" as="geometry" />
        </mxCell>
        <mxCell id="QmGqzIViv_ftUZ6-CF1x-78" value="담당자" style="ellipse;whiteSpace=wrap;html=1;align=center;" vertex="1" parent="1">
          <mxGeometry x="1970" y="-165" width="100" height="40" as="geometry" />
        </mxCell>
        <mxCell id="QmGqzIViv_ftUZ6-CF1x-81" value="" style="shape=link;html=1;rounded=0;" edge="1" parent="1" source="QmGqzIViv_ftUZ6-CF1x-49" target="QmGqzIViv_ftUZ6-CF1x-59">
          <mxGeometry width="100" relative="1" as="geometry">
            <mxPoint x="1510" y="-272.28" as="sourcePoint" />
            <mxPoint x="1560" y="-240" as="targetPoint" />
            <Array as="points">
              <mxPoint x="1530" y="-270" />
            </Array>
          </mxGeometry>
        </mxCell>
        <mxCell id="QmGqzIViv_ftUZ6-CF1x-82" value="" style="endArrow=none;html=1;rounded=0;" edge="1" parent="1" source="QmGqzIViv_ftUZ6-CF1x-92" target="QmGqzIViv_ftUZ6-CF1x-105">
          <mxGeometry width="50" height="50" relative="1" as="geometry">
            <mxPoint x="1840" y="-126" as="sourcePoint" />
            <mxPoint x="2649.9999999999995" y="-242" as="targetPoint" />
          </mxGeometry>
        </mxCell>
        <mxCell id="QmGqzIViv_ftUZ6-CF1x-83" value="" style="endArrow=none;html=1;rounded=0;" edge="1" parent="1" source="QmGqzIViv_ftUZ6-CF1x-93" target="QmGqzIViv_ftUZ6-CF1x-105">
          <mxGeometry width="50" height="50" relative="1" as="geometry">
            <mxPoint x="1998" y="-127.01999999999998" as="sourcePoint" />
            <mxPoint x="2649.9999999999995" y="-242" as="targetPoint" />
          </mxGeometry>
        </mxCell>
        <mxCell id="QmGqzIViv_ftUZ6-CF1x-84" value="" style="endArrow=none;html=1;rounded=0;" edge="1" parent="1" source="QmGqzIViv_ftUZ6-CF1x-94" target="QmGqzIViv_ftUZ6-CF1x-105">
          <mxGeometry width="50" height="50" relative="1" as="geometry">
            <mxPoint x="2170" y="-126" as="sourcePoint" />
            <mxPoint x="2649.9999999999995" y="-242" as="targetPoint" />
          </mxGeometry>
        </mxCell>
        <mxCell id="QmGqzIViv_ftUZ6-CF1x-85" value="" style="endArrow=none;html=1;rounded=0;" edge="1" parent="1" source="QmGqzIViv_ftUZ6-CF1x-95" target="QmGqzIViv_ftUZ6-CF1x-105">
          <mxGeometry width="50" height="50" relative="1" as="geometry">
            <mxPoint x="2330" y="-126" as="sourcePoint" />
            <mxPoint x="2649.9999999999995" y="-242" as="targetPoint" />
          </mxGeometry>
        </mxCell>
        <mxCell id="QmGqzIViv_ftUZ6-CF1x-86" value="" style="endArrow=none;html=1;rounded=0;" edge="1" parent="1" source="QmGqzIViv_ftUZ6-CF1x-91" target="QmGqzIViv_ftUZ6-CF1x-105">
          <mxGeometry width="50" height="50" relative="1" as="geometry">
            <mxPoint x="1680" y="-126" as="sourcePoint" />
            <mxPoint x="2649.9999999999995" y="-242" as="targetPoint" />
          </mxGeometry>
        </mxCell>
        <mxCell id="QmGqzIViv_ftUZ6-CF1x-87" value="" style="endArrow=none;html=1;rounded=0;" edge="1" parent="1" source="QmGqzIViv_ftUZ6-CF1x-90" target="QmGqzIViv_ftUZ6-CF1x-105">
          <mxGeometry width="50" height="50" relative="1" as="geometry">
            <mxPoint x="1510" y="-126" as="sourcePoint" />
            <mxPoint x="2649.9999999999995" y="-242" as="targetPoint" />
          </mxGeometry>
        </mxCell>
        <mxCell id="QmGqzIViv_ftUZ6-CF1x-88" value="" style="endArrow=none;html=1;rounded=0;" edge="1" parent="1" source="QmGqzIViv_ftUZ6-CF1x-89" target="QmGqzIViv_ftUZ6-CF1x-105">
          <mxGeometry width="50" height="50" relative="1" as="geometry">
            <mxPoint x="1340" y="-126" as="sourcePoint" />
            <mxPoint x="2649.9999999999995" y="-242" as="targetPoint" />
          </mxGeometry>
        </mxCell>
        <mxCell id="QmGqzIViv_ftUZ6-CF1x-89" value="회원아이디" style="ellipse;whiteSpace=wrap;html=1;align=center;fontStyle=4;fillColor=#EA6B66;" vertex="1" parent="1">
          <mxGeometry x="2250" y="-490" width="100" height="40" as="geometry" />
        </mxCell>
        <mxCell id="QmGqzIViv_ftUZ6-CF1x-90" value="비밀번호" style="ellipse;whiteSpace=wrap;html=1;align=center;" vertex="1" parent="1">
          <mxGeometry x="2250" y="-400" width="100" height="40" as="geometry" />
        </mxCell>
        <mxCell id="QmGqzIViv_ftUZ6-CF1x-91" value="이름" style="ellipse;whiteSpace=wrap;html=1;align=center;" vertex="1" parent="1">
          <mxGeometry x="2250" y="-311" width="100" height="40" as="geometry" />
        </mxCell>
        <mxCell id="QmGqzIViv_ftUZ6-CF1x-92" value="나이" style="ellipse;whiteSpace=wrap;html=1;align=center;" vertex="1" parent="1">
          <mxGeometry x="2250" y="-222" width="100" height="40" as="geometry" />
        </mxCell>
        <mxCell id="QmGqzIViv_ftUZ6-CF1x-93" value="직업" style="ellipse;whiteSpace=wrap;html=1;align=center;" vertex="1" parent="1">
          <mxGeometry x="2250" y="-133" width="100" height="40" as="geometry" />
        </mxCell>
        <mxCell id="QmGqzIViv_ftUZ6-CF1x-94" value="등급" style="ellipse;whiteSpace=wrap;html=1;align=center;" vertex="1" parent="1">
          <mxGeometry x="2250" y="-44" width="100" height="40" as="geometry" />
        </mxCell>
        <mxCell id="QmGqzIViv_ftUZ6-CF1x-95" value="적립금" style="ellipse;whiteSpace=wrap;html=1;align=center;" vertex="1" parent="1">
          <mxGeometry x="2250" y="44" width="100" height="40" as="geometry" />
        </mxCell>
        <mxCell id="QmGqzIViv_ftUZ6-CF1x-105" value="회원" style="rounded=0;whiteSpace=wrap;html=1;fillColor=#FFFF99;" vertex="1" parent="1">
          <mxGeometry x="2460" y="-267.5" width="120" height="60" as="geometry" />
        </mxCell>
        <mxCell id="QmGqzIViv_ftUZ6-CF1x-106" value="작성" style="shape=rhombus;perimeter=rhombusPerimeter;whiteSpace=wrap;html=1;align=center;fillColor=#A9C4EB;" vertex="1" parent="1">
          <mxGeometry x="2670" y="-267.5" width="120" height="60" as="geometry" />
        </mxCell>
        <mxCell id="QmGqzIViv_ftUZ6-CF1x-108" value="" style="endArrow=none;html=1;rounded=0;entryX=1;entryY=0.5;entryDx=0;entryDy=0;exitX=0;exitY=0.5;exitDx=0;exitDy=0;" edge="1" parent="1" source="QmGqzIViv_ftUZ6-CF1x-106" target="QmGqzIViv_ftUZ6-CF1x-105">
          <mxGeometry width="50" height="50" relative="1" as="geometry">
            <mxPoint x="2940" y="-241.5" as="sourcePoint" />
            <mxPoint x="3120" y="-233.5" as="targetPoint" />
          </mxGeometry>
        </mxCell>
        <mxCell id="QmGqzIViv_ftUZ6-CF1x-117" value="게시글" style="rounded=0;whiteSpace=wrap;html=1;fillColor=#FFFF99;" vertex="1" parent="1">
          <mxGeometry x="2865" y="-271" width="120" height="60" as="geometry" />
        </mxCell>
        <mxCell id="QmGqzIViv_ftUZ6-CF1x-118" value="" style="endArrow=none;html=1;rounded=0;" edge="1" parent="1" source="QmGqzIViv_ftUZ6-CF1x-125" target="QmGqzIViv_ftUZ6-CF1x-117">
          <mxGeometry width="50" height="50" relative="1" as="geometry">
            <mxPoint x="2970" y="-59.5" as="sourcePoint" />
            <mxPoint x="3010" y="-139.5" as="targetPoint" />
          </mxGeometry>
        </mxCell>
        <mxCell id="QmGqzIViv_ftUZ6-CF1x-119" value="" style="endArrow=none;html=1;rounded=0;" edge="1" parent="1" source="QmGqzIViv_ftUZ6-CF1x-124" target="QmGqzIViv_ftUZ6-CF1x-117">
          <mxGeometry width="50" height="50" relative="1" as="geometry">
            <mxPoint x="2810" y="-59.5" as="sourcePoint" />
            <mxPoint x="3040" y="-89.5" as="targetPoint" />
          </mxGeometry>
        </mxCell>
        <mxCell id="QmGqzIViv_ftUZ6-CF1x-120" value="" style="endArrow=none;html=1;rounded=0;" edge="1" parent="1" source="QmGqzIViv_ftUZ6-CF1x-123" target="QmGqzIViv_ftUZ6-CF1x-117">
          <mxGeometry width="50" height="50" relative="1" as="geometry">
            <mxPoint x="2640" y="-59.5" as="sourcePoint" />
            <mxPoint x="2810" y="-39.5" as="targetPoint" />
          </mxGeometry>
        </mxCell>
        <mxCell id="QmGqzIViv_ftUZ6-CF1x-121" value="" style="endArrow=none;html=1;rounded=0;" edge="1" parent="1" source="QmGqzIViv_ftUZ6-CF1x-122" target="QmGqzIViv_ftUZ6-CF1x-117">
          <mxGeometry width="50" height="50" relative="1" as="geometry">
            <mxPoint x="2470" y="-59.5" as="sourcePoint" />
            <mxPoint x="2970" y="-179.5" as="targetPoint" />
          </mxGeometry>
        </mxCell>
        <mxCell id="QmGqzIViv_ftUZ6-CF1x-122" value="글번호" style="ellipse;whiteSpace=wrap;html=1;align=center;fontStyle=4;fillColor=#EA6B66;" vertex="1" parent="1">
          <mxGeometry x="3070" y="-381" width="100" height="40" as="geometry" />
        </mxCell>
        <mxCell id="QmGqzIViv_ftUZ6-CF1x-123" value="글제목" style="ellipse;whiteSpace=wrap;html=1;align=center;" vertex="1" parent="1">
          <mxGeometry x="3070" y="-288" width="100" height="40" as="geometry" />
        </mxCell>
        <mxCell id="QmGqzIViv_ftUZ6-CF1x-124" value="글내용" style="ellipse;whiteSpace=wrap;html=1;align=center;" vertex="1" parent="1">
          <mxGeometry x="3070" y="-196" width="100" height="40" as="geometry" />
        </mxCell>
        <mxCell id="QmGqzIViv_ftUZ6-CF1x-125" value="작성일자" style="ellipse;whiteSpace=wrap;html=1;align=center;" vertex="1" parent="1">
          <mxGeometry x="3070" y="-103" width="100" height="40" as="geometry" />
        </mxCell>
        <mxCell id="QmGqzIViv_ftUZ6-CF1x-130" value="" style="shape=link;html=1;rounded=0;" edge="1" parent="1" source="QmGqzIViv_ftUZ6-CF1x-106" target="QmGqzIViv_ftUZ6-CF1x-117">
          <mxGeometry width="100" relative="1" as="geometry">
            <mxPoint x="2830" y="-200" as="sourcePoint" />
            <mxPoint x="2884" y="-200" as="targetPoint" />
          </mxGeometry>
        </mxCell>
        <mxCell id="QmGqzIViv_ftUZ6-CF1x-131" value="1" style="text;html=1;whiteSpace=wrap;strokeColor=none;fillColor=none;align=center;verticalAlign=middle;rounded=0;" vertex="1" parent="1">
          <mxGeometry x="2580" y="-271" width="60" height="30" as="geometry" />
        </mxCell>
        <mxCell id="QmGqzIViv_ftUZ6-CF1x-132" value="n" style="text;html=1;whiteSpace=wrap;strokeColor=none;fillColor=none;align=center;verticalAlign=middle;rounded=0;" vertex="1" parent="1">
          <mxGeometry x="2805" y="-271" width="60" height="30" as="geometry" />
        </mxCell>
        <mxCell id="QmGqzIViv_ftUZ6-CF1x-133" value="1" style="text;html=1;whiteSpace=wrap;strokeColor=none;fillColor=none;align=center;verticalAlign=middle;rounded=0;" vertex="1" parent="1">
          <mxGeometry x="1693.5" y="-302" width="60" height="30" as="geometry" />
        </mxCell>
        <mxCell id="QmGqzIViv_ftUZ6-CF1x-134" value="n" style="text;html=1;whiteSpace=wrap;strokeColor=none;fillColor=none;align=center;verticalAlign=middle;rounded=0;" vertex="1" parent="1">
          <mxGeometry x="1520" y="-302" width="60" height="30" as="geometry" />
        </mxCell>
        <mxCell id="QmGqzIViv_ftUZ6-CF1x-135" value="m" style="text;html=1;whiteSpace=wrap;strokeColor=none;fillColor=none;align=center;verticalAlign=middle;rounded=0;" vertex="1" parent="1">
          <mxGeometry x="705" y="-281" width="60" height="30" as="geometry" />
        </mxCell>
        <mxCell id="QmGqzIViv_ftUZ6-CF1x-136" value="n" style="text;html=1;whiteSpace=wrap;strokeColor=none;fillColor=none;align=center;verticalAlign=middle;rounded=0;" vertex="1" parent="1">
          <mxGeometry x="470" y="-279" width="60" height="30" as="geometry" />
        </mxCell>
        <mxCell id="QmGqzIViv_ftUZ6-CF1x-137" value="상품" style="rounded=0;whiteSpace=wrap;html=1;fillColor=#FFFF99;rotation=0;" vertex="1" parent="1">
          <mxGeometry x="1145.5" y="283" width="120" height="60" as="geometry" />
        </mxCell>
        <mxCell id="QmGqzIViv_ftUZ6-CF1x-138" value="" style="endArrow=none;html=1;rounded=0;" edge="1" parent="1" source="QmGqzIViv_ftUZ6-CF1x-145" target="QmGqzIViv_ftUZ6-CF1x-137">
          <mxGeometry width="50" height="50" relative="1" as="geometry">
            <mxPoint x="1238.5" y="492.5" as="sourcePoint" />
            <mxPoint x="1278.5" y="412.5" as="targetPoint" />
          </mxGeometry>
        </mxCell>
        <mxCell id="QmGqzIViv_ftUZ6-CF1x-139" value="" style="endArrow=none;html=1;rounded=0;" edge="1" parent="1" source="QmGqzIViv_ftUZ6-CF1x-144" target="QmGqzIViv_ftUZ6-CF1x-137">
          <mxGeometry width="50" height="50" relative="1" as="geometry">
            <mxPoint x="1078.5" y="492.5" as="sourcePoint" />
            <mxPoint x="1308.5" y="462.5" as="targetPoint" />
          </mxGeometry>
        </mxCell>
        <mxCell id="QmGqzIViv_ftUZ6-CF1x-140" value="" style="endArrow=none;html=1;rounded=0;" edge="1" parent="1" source="QmGqzIViv_ftUZ6-CF1x-143" target="QmGqzIViv_ftUZ6-CF1x-137">
          <mxGeometry width="50" height="50" relative="1" as="geometry">
            <mxPoint x="908.5" y="492.5" as="sourcePoint" />
            <mxPoint x="1078.5" y="512.5" as="targetPoint" />
          </mxGeometry>
        </mxCell>
        <mxCell id="QmGqzIViv_ftUZ6-CF1x-141" value="" style="endArrow=none;html=1;rounded=0;" edge="1" parent="1" source="QmGqzIViv_ftUZ6-CF1x-142" target="QmGqzIViv_ftUZ6-CF1x-137">
          <mxGeometry width="50" height="50" relative="1" as="geometry">
            <mxPoint x="738.5" y="492.5" as="sourcePoint" />
            <mxPoint x="1238.5" y="372.5" as="targetPoint" />
          </mxGeometry>
        </mxCell>
        <mxCell id="QmGqzIViv_ftUZ6-CF1x-142" value="상품번호" style="ellipse;whiteSpace=wrap;html=1;align=center;fontStyle=4;fillColor=#EA6B66;" vertex="1" parent="1">
          <mxGeometry x="928.5" y="185" width="100" height="40" as="geometry" />
        </mxCell>
        <mxCell id="QmGqzIViv_ftUZ6-CF1x-143" value="상품명" style="ellipse;whiteSpace=wrap;html=1;align=center;" vertex="1" parent="1">
          <mxGeometry x="928.5" y="258" width="100" height="40" as="geometry" />
        </mxCell>
        <mxCell id="QmGqzIViv_ftUZ6-CF1x-144" value="재고량" style="ellipse;whiteSpace=wrap;html=1;align=center;" vertex="1" parent="1">
          <mxGeometry x="928.5" y="338" width="100" height="40" as="geometry" />
        </mxCell>
        <mxCell id="QmGqzIViv_ftUZ6-CF1x-145" value="단가" style="ellipse;whiteSpace=wrap;html=1;align=center;" vertex="1" parent="1">
          <mxGeometry x="928.5" y="417" width="100" height="40" as="geometry" />
        </mxCell>
        <mxCell id="QmGqzIViv_ftUZ6-CF1x-146" value="공급" style="shape=rhombus;perimeter=rhombusPerimeter;whiteSpace=wrap;html=1;align=center;fillColor=#A9C4EB;" vertex="1" parent="1">
          <mxGeometry x="1752" y="283" width="120" height="60" as="geometry" />
        </mxCell>
        <mxCell id="QmGqzIViv_ftUZ6-CF1x-147" value="" style="endArrow=none;html=1;rounded=0;exitX=1;exitY=0.5;exitDx=0;exitDy=0;" edge="1" parent="1" source="QmGqzIViv_ftUZ6-CF1x-146" target="QmGqzIViv_ftUZ6-CF1x-152">
          <mxGeometry width="50" height="50" relative="1" as="geometry">
            <mxPoint x="1852" y="397" as="sourcePoint" />
            <mxPoint x="2052" y="317" as="targetPoint" />
          </mxGeometry>
        </mxCell>
        <mxCell id="QmGqzIViv_ftUZ6-CF1x-148" value="공급량" style="ellipse;whiteSpace=wrap;html=1;align=center;" vertex="1" parent="1">
          <mxGeometry x="1825.5" y="482" width="100" height="40" as="geometry" />
        </mxCell>
        <mxCell id="QmGqzIViv_ftUZ6-CF1x-149" value="공급일자" style="ellipse;whiteSpace=wrap;html=1;align=center;" vertex="1" parent="1">
          <mxGeometry x="1698.5" y="482" width="100" height="40" as="geometry" />
        </mxCell>
        <mxCell id="QmGqzIViv_ftUZ6-CF1x-150" value="" style="endArrow=none;html=1;rounded=0;" edge="1" parent="1" source="QmGqzIViv_ftUZ6-CF1x-149" target="QmGqzIViv_ftUZ6-CF1x-146">
          <mxGeometry width="50" height="50" relative="1" as="geometry">
            <mxPoint x="1842" y="637" as="sourcePoint" />
            <mxPoint x="1812" y="339" as="targetPoint" />
          </mxGeometry>
        </mxCell>
        <mxCell id="QmGqzIViv_ftUZ6-CF1x-151" value="" style="endArrow=none;html=1;rounded=0;" edge="1" parent="1" source="QmGqzIViv_ftUZ6-CF1x-148" target="QmGqzIViv_ftUZ6-CF1x-146">
          <mxGeometry width="50" height="50" relative="1" as="geometry">
            <mxPoint x="1904" y="542" as="sourcePoint" />
            <mxPoint x="1842" y="389" as="targetPoint" />
          </mxGeometry>
        </mxCell>
        <mxCell id="QmGqzIViv_ftUZ6-CF1x-152" value="제조업체" style="rounded=0;whiteSpace=wrap;html=1;fillColor=#FFFF99;" vertex="1" parent="1">
          <mxGeometry x="1938.5" y="283" width="120" height="60" as="geometry" />
        </mxCell>
        <mxCell id="QmGqzIViv_ftUZ6-CF1x-153" value="" style="endArrow=none;html=1;rounded=0;" edge="1" parent="1" source="QmGqzIViv_ftUZ6-CF1x-160" target="QmGqzIViv_ftUZ6-CF1x-152">
          <mxGeometry width="50" height="50" relative="1" as="geometry">
            <mxPoint x="2152" y="483" as="sourcePoint" />
            <mxPoint x="2192" y="403" as="targetPoint" />
          </mxGeometry>
        </mxCell>
        <mxCell id="QmGqzIViv_ftUZ6-CF1x-154" value="" style="endArrow=none;html=1;rounded=0;" edge="1" parent="1" source="QmGqzIViv_ftUZ6-CF1x-159" target="QmGqzIViv_ftUZ6-CF1x-152">
          <mxGeometry width="50" height="50" relative="1" as="geometry">
            <mxPoint x="1992" y="483" as="sourcePoint" />
            <mxPoint x="2222" y="453" as="targetPoint" />
          </mxGeometry>
        </mxCell>
        <mxCell id="QmGqzIViv_ftUZ6-CF1x-155" value="" style="endArrow=none;html=1;rounded=0;" edge="1" parent="1" source="QmGqzIViv_ftUZ6-CF1x-158" target="QmGqzIViv_ftUZ6-CF1x-152">
          <mxGeometry width="50" height="50" relative="1" as="geometry">
            <mxPoint x="1822" y="483" as="sourcePoint" />
            <mxPoint x="1992" y="503" as="targetPoint" />
          </mxGeometry>
        </mxCell>
        <mxCell id="QmGqzIViv_ftUZ6-CF1x-156" value="" style="endArrow=none;html=1;rounded=0;" edge="1" parent="1" source="QmGqzIViv_ftUZ6-CF1x-157" target="QmGqzIViv_ftUZ6-CF1x-152">
          <mxGeometry width="50" height="50" relative="1" as="geometry">
            <mxPoint x="1652" y="483" as="sourcePoint" />
            <mxPoint x="2152" y="363" as="targetPoint" />
          </mxGeometry>
        </mxCell>
        <mxCell id="QmGqzIViv_ftUZ6-CF1x-157" value="제조업체명" style="ellipse;whiteSpace=wrap;html=1;align=center;fontStyle=4;fillColor=#EA6B66;" vertex="1" parent="1">
          <mxGeometry x="2331.5" y="185" width="100" height="40" as="geometry" />
        </mxCell>
        <mxCell id="QmGqzIViv_ftUZ6-CF1x-158" value="전화번호" style="ellipse;whiteSpace=wrap;html=1;align=center;" vertex="1" parent="1">
          <mxGeometry x="2331.5" y="265" width="100" height="40" as="geometry" />
        </mxCell>
        <mxCell id="QmGqzIViv_ftUZ6-CF1x-159" value="위치" style="ellipse;whiteSpace=wrap;html=1;align=center;" vertex="1" parent="1">
          <mxGeometry x="2331.5" y="344" width="100" height="40" as="geometry" />
        </mxCell>
        <mxCell id="QmGqzIViv_ftUZ6-CF1x-160" value="담당자" style="ellipse;whiteSpace=wrap;html=1;align=center;" vertex="1" parent="1">
          <mxGeometry x="2331.5" y="426" width="100" height="40" as="geometry" />
        </mxCell>
        <mxCell id="QmGqzIViv_ftUZ6-CF1x-162" value="1" style="text;html=1;whiteSpace=wrap;strokeColor=none;fillColor=none;align=center;verticalAlign=middle;rounded=0;" vertex="1" parent="1">
          <mxGeometry x="1872" y="283" width="60" height="30" as="geometry" />
        </mxCell>
        <mxCell id="QmGqzIViv_ftUZ6-CF1x-163" value="n" style="text;html=1;whiteSpace=wrap;strokeColor=none;fillColor=none;align=center;verticalAlign=middle;rounded=0;" vertex="1" parent="1">
          <mxGeometry x="1305.5" y="283" width="60" height="30" as="geometry" />
        </mxCell>
        <mxCell id="QmGqzIViv_ftUZ6-CF1x-164" value="" style="shape=link;html=1;rounded=0;" edge="1" parent="1" source="QmGqzIViv_ftUZ6-CF1x-137" target="QmGqzIViv_ftUZ6-CF1x-146">
          <mxGeometry width="100" relative="1" as="geometry">
            <mxPoint x="1578.5" y="419" as="sourcePoint" />
            <mxPoint x="1678.5" y="419" as="targetPoint" />
          </mxGeometry>
        </mxCell>
        <mxCell id="QmGqzIViv_ftUZ6-CF1x-165" value="주문" style="shape=rhombus;perimeter=rhombusPerimeter;whiteSpace=wrap;html=1;align=center;fillColor=#A9C4EB;" vertex="1" parent="1">
          <mxGeometry x="1145.5" y="494" width="120" height="60" as="geometry" />
        </mxCell>
        <mxCell id="QmGqzIViv_ftUZ6-CF1x-166" value="주문수량" style="ellipse;whiteSpace=wrap;html=1;align=center;" vertex="1" parent="1">
          <mxGeometry x="1395.5" y="427" width="100" height="40" as="geometry" />
        </mxCell>
        <mxCell id="QmGqzIViv_ftUZ6-CF1x-167" value="주문일자" style="ellipse;whiteSpace=wrap;html=1;align=center;" vertex="1" parent="1">
          <mxGeometry x="1395.5" y="511" width="100" height="40" as="geometry" />
        </mxCell>
        <mxCell id="QmGqzIViv_ftUZ6-CF1x-168" value="배송지" style="ellipse;whiteSpace=wrap;html=1;align=center;" vertex="1" parent="1">
          <mxGeometry x="1395.5" y="594" width="100" height="40" as="geometry" />
        </mxCell>
        <mxCell id="QmGqzIViv_ftUZ6-CF1x-169" value="" style="endArrow=none;html=1;rounded=0;" edge="1" parent="1" source="QmGqzIViv_ftUZ6-CF1x-173" target="QmGqzIViv_ftUZ6-CF1x-165">
          <mxGeometry width="50" height="50" relative="1" as="geometry">
            <mxPoint x="1032.0811771086533" y="826.1317639798085" as="sourcePoint" />
            <mxPoint x="1515.5" y="915" as="targetPoint" />
          </mxGeometry>
        </mxCell>
        <mxCell id="QmGqzIViv_ftUZ6-CF1x-170" value="" style="endArrow=none;html=1;rounded=0;" edge="1" parent="1" source="QmGqzIViv_ftUZ6-CF1x-166" target="QmGqzIViv_ftUZ6-CF1x-165">
          <mxGeometry width="50" height="50" relative="1" as="geometry">
            <mxPoint x="995.5" y="953" as="sourcePoint" />
            <mxPoint x="1195.5" y="805" as="targetPoint" />
          </mxGeometry>
        </mxCell>
        <mxCell id="QmGqzIViv_ftUZ6-CF1x-171" value="" style="endArrow=none;html=1;rounded=0;" edge="1" parent="1" source="QmGqzIViv_ftUZ6-CF1x-168" target="QmGqzIViv_ftUZ6-CF1x-165">
          <mxGeometry width="50" height="50" relative="1" as="geometry">
            <mxPoint x="1235.5" y="953" as="sourcePoint" />
            <mxPoint x="1205.5" y="655" as="targetPoint" />
          </mxGeometry>
        </mxCell>
        <mxCell id="QmGqzIViv_ftUZ6-CF1x-172" value="" style="endArrow=none;html=1;rounded=0;" edge="1" parent="1" source="QmGqzIViv_ftUZ6-CF1x-167" target="QmGqzIViv_ftUZ6-CF1x-165">
          <mxGeometry width="50" height="50" relative="1" as="geometry">
            <mxPoint x="1297.5" y="858" as="sourcePoint" />
            <mxPoint x="1235.5" y="705" as="targetPoint" />
          </mxGeometry>
        </mxCell>
        <mxCell id="QmGqzIViv_ftUZ6-CF1x-173" value="주문번호" style="ellipse;whiteSpace=wrap;html=1;align=center;fontStyle=4;fillColor=#EA6B66;" vertex="1" parent="1">
          <mxGeometry x="1395.5" y="344" width="100" height="40" as="geometry" />
        </mxCell>
        <mxCell id="QmGqzIViv_ftUZ6-CF1x-175" value="" style="endArrow=none;html=1;rounded=0;" edge="1" parent="1" source="QmGqzIViv_ftUZ6-CF1x-165" target="QmGqzIViv_ftUZ6-CF1x-137">
          <mxGeometry width="50" height="50" relative="1" as="geometry">
            <mxPoint x="1015.5" y="645" as="sourcePoint" />
            <mxPoint x="1107.5" y="569" as="targetPoint" />
          </mxGeometry>
        </mxCell>
        <mxCell id="QmGqzIViv_ftUZ6-CF1x-176" value="" style="endArrow=none;html=1;rounded=0;" edge="1" parent="1" source="QmGqzIViv_ftUZ6-CF1x-186" target="QmGqzIViv_ftUZ6-CF1x-190">
          <mxGeometry width="50" height="50" relative="1" as="geometry">
            <mxPoint x="518.5" y="875" as="sourcePoint" />
            <mxPoint x="1328.4999999999995" y="759" as="targetPoint" />
          </mxGeometry>
        </mxCell>
        <mxCell id="QmGqzIViv_ftUZ6-CF1x-177" value="" style="endArrow=none;html=1;rounded=0;" edge="1" parent="1" source="QmGqzIViv_ftUZ6-CF1x-187" target="QmGqzIViv_ftUZ6-CF1x-190">
          <mxGeometry width="50" height="50" relative="1" as="geometry">
            <mxPoint x="676.5" y="873.98" as="sourcePoint" />
            <mxPoint x="1328.4999999999995" y="759" as="targetPoint" />
          </mxGeometry>
        </mxCell>
        <mxCell id="QmGqzIViv_ftUZ6-CF1x-178" value="" style="endArrow=none;html=1;rounded=0;" edge="1" parent="1" source="QmGqzIViv_ftUZ6-CF1x-188" target="QmGqzIViv_ftUZ6-CF1x-190">
          <mxGeometry width="50" height="50" relative="1" as="geometry">
            <mxPoint x="848.5" y="875" as="sourcePoint" />
            <mxPoint x="1328.4999999999995" y="759" as="targetPoint" />
          </mxGeometry>
        </mxCell>
        <mxCell id="QmGqzIViv_ftUZ6-CF1x-179" value="" style="endArrow=none;html=1;rounded=0;" edge="1" parent="1" source="QmGqzIViv_ftUZ6-CF1x-189" target="QmGqzIViv_ftUZ6-CF1x-190">
          <mxGeometry width="50" height="50" relative="1" as="geometry">
            <mxPoint x="1008.5" y="875" as="sourcePoint" />
            <mxPoint x="1328.4999999999995" y="759" as="targetPoint" />
          </mxGeometry>
        </mxCell>
        <mxCell id="QmGqzIViv_ftUZ6-CF1x-180" value="" style="endArrow=none;html=1;rounded=0;" edge="1" parent="1" source="QmGqzIViv_ftUZ6-CF1x-185" target="QmGqzIViv_ftUZ6-CF1x-190">
          <mxGeometry width="50" height="50" relative="1" as="geometry">
            <mxPoint x="358.5" y="875" as="sourcePoint" />
            <mxPoint x="1328.4999999999995" y="759" as="targetPoint" />
          </mxGeometry>
        </mxCell>
        <mxCell id="QmGqzIViv_ftUZ6-CF1x-181" value="" style="endArrow=none;html=1;rounded=0;" edge="1" parent="1" source="QmGqzIViv_ftUZ6-CF1x-184" target="QmGqzIViv_ftUZ6-CF1x-190">
          <mxGeometry width="50" height="50" relative="1" as="geometry">
            <mxPoint x="188.5" y="875" as="sourcePoint" />
            <mxPoint x="1328.4999999999995" y="759" as="targetPoint" />
          </mxGeometry>
        </mxCell>
        <mxCell id="QmGqzIViv_ftUZ6-CF1x-182" value="" style="endArrow=none;html=1;rounded=0;" edge="1" parent="1" source="QmGqzIViv_ftUZ6-CF1x-183" target="QmGqzIViv_ftUZ6-CF1x-190">
          <mxGeometry width="50" height="50" relative="1" as="geometry">
            <mxPoint x="18.5" y="875" as="sourcePoint" />
            <mxPoint x="1328.4999999999995" y="759" as="targetPoint" />
          </mxGeometry>
        </mxCell>
        <mxCell id="QmGqzIViv_ftUZ6-CF1x-183" value="회원아이디" style="ellipse;whiteSpace=wrap;html=1;align=center;fontStyle=4;fillColor=#EA6B66;" vertex="1" parent="1">
          <mxGeometry x="928.5" y="511" width="100" height="40" as="geometry" />
        </mxCell>
        <mxCell id="QmGqzIViv_ftUZ6-CF1x-184" value="비밀번호" style="ellipse;whiteSpace=wrap;html=1;align=center;" vertex="1" parent="1">
          <mxGeometry x="928.5" y="601" width="100" height="40" as="geometry" />
        </mxCell>
        <mxCell id="QmGqzIViv_ftUZ6-CF1x-185" value="이름" style="ellipse;whiteSpace=wrap;html=1;align=center;" vertex="1" parent="1">
          <mxGeometry x="928.5" y="690" width="100" height="40" as="geometry" />
        </mxCell>
        <mxCell id="QmGqzIViv_ftUZ6-CF1x-186" value="나이" style="ellipse;whiteSpace=wrap;html=1;align=center;" vertex="1" parent="1">
          <mxGeometry x="928.5" y="779" width="100" height="40" as="geometry" />
        </mxCell>
        <mxCell id="QmGqzIViv_ftUZ6-CF1x-187" value="직업" style="ellipse;whiteSpace=wrap;html=1;align=center;" vertex="1" parent="1">
          <mxGeometry x="928.5" y="868" width="100" height="40" as="geometry" />
        </mxCell>
        <mxCell id="QmGqzIViv_ftUZ6-CF1x-188" value="등급" style="ellipse;whiteSpace=wrap;html=1;align=center;" vertex="1" parent="1">
          <mxGeometry x="928.5" y="957" width="100" height="40" as="geometry" />
        </mxCell>
        <mxCell id="QmGqzIViv_ftUZ6-CF1x-189" value="적립금" style="ellipse;whiteSpace=wrap;html=1;align=center;" vertex="1" parent="1">
          <mxGeometry x="928.5" y="1045" width="100" height="40" as="geometry" />
        </mxCell>
        <mxCell id="QmGqzIViv_ftUZ6-CF1x-190" value="회원" style="rounded=0;whiteSpace=wrap;html=1;fillColor=#FFFF99;" vertex="1" parent="1">
          <mxGeometry x="1145.5" y="732.5" width="120" height="60" as="geometry" />
        </mxCell>
        <mxCell id="QmGqzIViv_ftUZ6-CF1x-191" value="작성" style="shape=rhombus;perimeter=rhombusPerimeter;whiteSpace=wrap;html=1;align=center;fillColor=#A9C4EB;" vertex="1" parent="1">
          <mxGeometry x="1355.5" y="732.5" width="120" height="60" as="geometry" />
        </mxCell>
        <mxCell id="QmGqzIViv_ftUZ6-CF1x-192" value="" style="endArrow=none;html=1;rounded=0;entryX=1;entryY=0.5;entryDx=0;entryDy=0;exitX=0;exitY=0.5;exitDx=0;exitDy=0;" edge="1" parent="1" source="QmGqzIViv_ftUZ6-CF1x-191" target="QmGqzIViv_ftUZ6-CF1x-190">
          <mxGeometry width="50" height="50" relative="1" as="geometry">
            <mxPoint x="1625.5" y="758.5" as="sourcePoint" />
            <mxPoint x="1805.5" y="766.5" as="targetPoint" />
          </mxGeometry>
        </mxCell>
        <mxCell id="QmGqzIViv_ftUZ6-CF1x-193" value="게시글" style="rounded=0;whiteSpace=wrap;html=1;fillColor=#FFFF99;" vertex="1" parent="1">
          <mxGeometry x="1550.5" y="729" width="120" height="60" as="geometry" />
        </mxCell>
        <mxCell id="QmGqzIViv_ftUZ6-CF1x-194" value="" style="endArrow=none;html=1;rounded=0;" edge="1" parent="1" source="QmGqzIViv_ftUZ6-CF1x-201" target="QmGqzIViv_ftUZ6-CF1x-193">
          <mxGeometry width="50" height="50" relative="1" as="geometry">
            <mxPoint x="1655.5" y="940.5" as="sourcePoint" />
            <mxPoint x="1695.5" y="860.5" as="targetPoint" />
          </mxGeometry>
        </mxCell>
        <mxCell id="QmGqzIViv_ftUZ6-CF1x-195" value="" style="endArrow=none;html=1;rounded=0;" edge="1" parent="1" source="QmGqzIViv_ftUZ6-CF1x-200" target="QmGqzIViv_ftUZ6-CF1x-193">
          <mxGeometry width="50" height="50" relative="1" as="geometry">
            <mxPoint x="1495.5" y="940.5" as="sourcePoint" />
            <mxPoint x="1725.5" y="910.5" as="targetPoint" />
          </mxGeometry>
        </mxCell>
        <mxCell id="QmGqzIViv_ftUZ6-CF1x-196" value="" style="endArrow=none;html=1;rounded=0;" edge="1" parent="1" source="QmGqzIViv_ftUZ6-CF1x-199" target="QmGqzIViv_ftUZ6-CF1x-193">
          <mxGeometry width="50" height="50" relative="1" as="geometry">
            <mxPoint x="1325.5" y="940.5" as="sourcePoint" />
            <mxPoint x="1495.5" y="960.5" as="targetPoint" />
          </mxGeometry>
        </mxCell>
        <mxCell id="QmGqzIViv_ftUZ6-CF1x-197" value="" style="endArrow=none;html=1;rounded=0;" edge="1" parent="1" source="QmGqzIViv_ftUZ6-CF1x-198" target="QmGqzIViv_ftUZ6-CF1x-193">
          <mxGeometry width="50" height="50" relative="1" as="geometry">
            <mxPoint x="1155.5" y="940.5" as="sourcePoint" />
            <mxPoint x="1655.5" y="820.5" as="targetPoint" />
          </mxGeometry>
        </mxCell>
        <mxCell id="QmGqzIViv_ftUZ6-CF1x-198" value="글번호" style="ellipse;whiteSpace=wrap;html=1;align=center;fontStyle=4;fillColor=#EA6B66;" vertex="1" parent="1">
          <mxGeometry x="1755.5" y="619" width="100" height="40" as="geometry" />
        </mxCell>
        <mxCell id="QmGqzIViv_ftUZ6-CF1x-199" value="글제목" style="ellipse;whiteSpace=wrap;html=1;align=center;" vertex="1" parent="1">
          <mxGeometry x="1755.5" y="712" width="100" height="40" as="geometry" />
        </mxCell>
        <mxCell id="QmGqzIViv_ftUZ6-CF1x-200" value="글내용" style="ellipse;whiteSpace=wrap;html=1;align=center;" vertex="1" parent="1">
          <mxGeometry x="1755.5" y="804" width="100" height="40" as="geometry" />
        </mxCell>
        <mxCell id="QmGqzIViv_ftUZ6-CF1x-201" value="작성일자" style="ellipse;whiteSpace=wrap;html=1;align=center;" vertex="1" parent="1">
          <mxGeometry x="1755.5" y="897" width="100" height="40" as="geometry" />
        </mxCell>
        <mxCell id="QmGqzIViv_ftUZ6-CF1x-202" value="" style="shape=link;html=1;rounded=0;" edge="1" parent="1" source="QmGqzIViv_ftUZ6-CF1x-191" target="QmGqzIViv_ftUZ6-CF1x-193">
          <mxGeometry width="100" relative="1" as="geometry">
            <mxPoint x="1515.5" y="800" as="sourcePoint" />
            <mxPoint x="1569.5" y="800" as="targetPoint" />
          </mxGeometry>
        </mxCell>
        <mxCell id="QmGqzIViv_ftUZ6-CF1x-203" value="1" style="text;html=1;whiteSpace=wrap;strokeColor=none;fillColor=none;align=center;verticalAlign=middle;rounded=0;" vertex="1" parent="1">
          <mxGeometry x="1265.5" y="729" width="60" height="30" as="geometry" />
        </mxCell>
        <mxCell id="QmGqzIViv_ftUZ6-CF1x-204" value="n" style="text;html=1;whiteSpace=wrap;strokeColor=none;fillColor=none;align=center;verticalAlign=middle;rounded=0;" vertex="1" parent="1">
          <mxGeometry x="1490.5" y="729" width="60" height="30" as="geometry" />
        </mxCell>
        <mxCell id="QmGqzIViv_ftUZ6-CF1x-205" value="" style="endArrow=none;html=1;rounded=0;" edge="1" parent="1" source="QmGqzIViv_ftUZ6-CF1x-190" target="QmGqzIViv_ftUZ6-CF1x-165">
          <mxGeometry width="50" height="50" relative="1" as="geometry">
            <mxPoint x="1248.5" y="770" as="sourcePoint" />
            <mxPoint x="1248.5" y="619" as="targetPoint" />
          </mxGeometry>
        </mxCell>
        <mxCell id="QmGqzIViv_ftUZ6-CF1x-206" value="m&lt;span style=&quot;color: rgba(0, 0, 0, 0); font-family: monospace; font-size: 0px; text-align: start; text-wrap-mode: nowrap;&quot;&gt;%3CmxGraphModel%3E%3Croot%3E%3CmxCell%20id%3D%220%22%2F%3E%3CmxCell%20id%3D%221%22%20parent%3D%220%22%2F%3E%3CmxCell%20id%3D%222%22%20value%3D%22n%22%20style%3D%22text%3Bhtml%3D1%3BwhiteSpace%3Dwrap%3BstrokeColor%3Dnone%3BfillColor%3Dnone%3Balign%3Dcenter%3BverticalAlign%3Dmiddle%3Brounded%3D0%3B%22%20vertex%3D%221%22%20parent%3D%221%22%3E%3CmxGeometry%20x%3D%22557%22%20y%3D%22274%22%20width%3D%2260%22%20height%3D%2230%22%20as%3D%22geometry%22%2F%3E%3C%2FmxCell%3E%3C%2Froot%3E%3C%2FmxGraphModel%3E&lt;/span&gt;" style="text;html=1;whiteSpace=wrap;strokeColor=none;fillColor=none;align=center;verticalAlign=middle;rounded=0;" vertex="1" parent="1">
          <mxGeometry x="1135.5" y="399" width="60" height="30" as="geometry" />
        </mxCell>
        <mxCell id="QmGqzIViv_ftUZ6-CF1x-207" value="n" style="text;html=1;whiteSpace=wrap;strokeColor=none;fillColor=none;align=center;verticalAlign=middle;rounded=0;" vertex="1" parent="1">
          <mxGeometry x="1145.5" y="629" width="60" height="30" as="geometry" />
        </mxCell>
        <mxCell id="QmGqzIViv_ftUZ6-CF1x-209" value="&lt;font style=&quot;font-size: 36px;&quot;&gt;2. 개념적 설계 (Scheme)&amp;nbsp;&lt;/font&gt;" style="rounded=0;whiteSpace=wrap;html=1;fillColor=#67AB9F;" vertex="1" parent="1">
          <mxGeometry x="997" y="-1080" width="1273" height="60" as="geometry" />
        </mxCell>
      </root>
    </mxGraphModel>
  </diagram>
</mxfile>
