<?xml version="1.0" encoding="UTF-8"?>
<mxfile host="app.diagrams.net" agent="Mozilla/5.0 (Windows NT 10.0; Win64; x64) AppleWebKit/537.36 (KHTML, like Gecko) Chrome/141.0.0.0 Safari/537.36" version="28.2.8">
  <diagram name="페이지-1" id="_aI9wC5ZEPdZbjE8mHGc">
    <mxGraphModel dx="2562" dy="1195" grid="1" gridSize="10" guides="1" tooltips="1" connect="1" arrows="1" fold="1" page="1" pageScale="1" pageWidth="827" pageHeight="1169" math="0" shadow="0">
      <root>
        <mxCell id="0" />
        <mxCell id="1" parent="0" />
        <mxCell id="sd9chSyPTZ4-yCiE6B7C-15" value="" style="endArrow=none;html=1;rounded=0;entryX=0;entryY=0.5;entryDx=0;entryDy=0;exitX=1;exitY=0.5;exitDx=0;exitDy=0;" parent="1" source="sd9chSyPTZ4-yCiE6B7C-42" target="aV8pcYjn29Qp9_OsReKO-4" edge="1">
          <mxGeometry width="50" height="50" relative="1" as="geometry">
            <mxPoint x="-250" y="680" as="sourcePoint" />
            <mxPoint x="559.9999999999995" y="564" as="targetPoint" />
          </mxGeometry>
        </mxCell>
        <mxCell id="sd9chSyPTZ4-yCiE6B7C-16" value="" style="endArrow=none;html=1;rounded=0;entryX=0;entryY=0.5;entryDx=0;entryDy=0;exitX=1;exitY=0.5;exitDx=0;exitDy=0;" parent="1" source="sd9chSyPTZ4-yCiE6B7C-43" target="aV8pcYjn29Qp9_OsReKO-4" edge="1">
          <mxGeometry width="50" height="50" relative="1" as="geometry">
            <mxPoint x="-92" y="678.98" as="sourcePoint" />
            <mxPoint x="559.9999999999995" y="564" as="targetPoint" />
          </mxGeometry>
        </mxCell>
        <mxCell id="sd9chSyPTZ4-yCiE6B7C-17" value="" style="endArrow=none;html=1;rounded=0;entryX=0;entryY=0.5;entryDx=0;entryDy=0;exitX=1;exitY=0.5;exitDx=0;exitDy=0;" parent="1" source="sd9chSyPTZ4-yCiE6B7C-44" target="aV8pcYjn29Qp9_OsReKO-4" edge="1">
          <mxGeometry width="50" height="50" relative="1" as="geometry">
            <mxPoint x="80" y="680" as="sourcePoint" />
            <mxPoint x="559.9999999999995" y="564" as="targetPoint" />
          </mxGeometry>
        </mxCell>
        <mxCell id="sd9chSyPTZ4-yCiE6B7C-18" value="" style="endArrow=none;html=1;rounded=0;entryX=0;entryY=0.5;entryDx=0;entryDy=0;exitX=1;exitY=0.5;exitDx=0;exitDy=0;" parent="1" source="sd9chSyPTZ4-yCiE6B7C-45" target="aV8pcYjn29Qp9_OsReKO-4" edge="1">
          <mxGeometry width="50" height="50" relative="1" as="geometry">
            <mxPoint x="240" y="680" as="sourcePoint" />
            <mxPoint x="559.9999999999995" y="564" as="targetPoint" />
          </mxGeometry>
        </mxCell>
        <mxCell id="sd9chSyPTZ4-yCiE6B7C-19" value="" style="endArrow=none;html=1;rounded=0;entryX=0;entryY=0.5;entryDx=0;entryDy=0;exitX=0.5;exitY=0;exitDx=0;exitDy=0;" parent="1" source="sd9chSyPTZ4-yCiE6B7C-41" target="aV8pcYjn29Qp9_OsReKO-4" edge="1">
          <mxGeometry width="50" height="50" relative="1" as="geometry">
            <mxPoint x="-410" y="680" as="sourcePoint" />
            <mxPoint x="559.9999999999995" y="564" as="targetPoint" />
          </mxGeometry>
        </mxCell>
        <mxCell id="sd9chSyPTZ4-yCiE6B7C-20" value="" style="endArrow=none;html=1;rounded=0;entryX=0;entryY=0.5;entryDx=0;entryDy=0;exitX=0.5;exitY=0;exitDx=0;exitDy=0;" parent="1" source="sd9chSyPTZ4-yCiE6B7C-40" target="aV8pcYjn29Qp9_OsReKO-4" edge="1">
          <mxGeometry width="50" height="50" relative="1" as="geometry">
            <mxPoint x="-580" y="680" as="sourcePoint" />
            <mxPoint x="559.9999999999995" y="564" as="targetPoint" />
          </mxGeometry>
        </mxCell>
        <mxCell id="sd9chSyPTZ4-yCiE6B7C-21" value="" style="endArrow=none;html=1;rounded=0;exitX=0.5;exitY=0;exitDx=0;exitDy=0;entryX=0;entryY=0.5;entryDx=0;entryDy=0;" parent="1" source="sd9chSyPTZ4-yCiE6B7C-37" edge="1" target="aV8pcYjn29Qp9_OsReKO-4">
          <mxGeometry width="50" height="50" relative="1" as="geometry">
            <mxPoint x="-750" y="680" as="sourcePoint" />
            <mxPoint x="559.9999999999995" y="564" as="targetPoint" />
          </mxGeometry>
        </mxCell>
        <mxCell id="sd9chSyPTZ4-yCiE6B7C-37" value="회원아이디" style="ellipse;whiteSpace=wrap;html=1;align=center;fontStyle=4;fillColor=#EA6B66;" parent="1" vertex="1">
          <mxGeometry x="160" y="316" width="100" height="40" as="geometry" />
        </mxCell>
        <mxCell id="sd9chSyPTZ4-yCiE6B7C-40" value="비밀번호" style="ellipse;whiteSpace=wrap;html=1;align=center;" parent="1" vertex="1">
          <mxGeometry x="160" y="406" width="100" height="40" as="geometry" />
        </mxCell>
        <mxCell id="sd9chSyPTZ4-yCiE6B7C-41" value="이름" style="ellipse;whiteSpace=wrap;html=1;align=center;" parent="1" vertex="1">
          <mxGeometry x="160" y="495" width="100" height="40" as="geometry" />
        </mxCell>
        <mxCell id="sd9chSyPTZ4-yCiE6B7C-42" value="나이" style="ellipse;whiteSpace=wrap;html=1;align=center;" parent="1" vertex="1">
          <mxGeometry x="160" y="584" width="100" height="40" as="geometry" />
        </mxCell>
        <mxCell id="sd9chSyPTZ4-yCiE6B7C-43" value="직업" style="ellipse;whiteSpace=wrap;html=1;align=center;" parent="1" vertex="1">
          <mxGeometry x="160" y="673" width="100" height="40" as="geometry" />
        </mxCell>
        <mxCell id="sd9chSyPTZ4-yCiE6B7C-44" value="등급" style="ellipse;whiteSpace=wrap;html=1;align=center;" parent="1" vertex="1">
          <mxGeometry x="160" y="762" width="100" height="40" as="geometry" />
        </mxCell>
        <mxCell id="sd9chSyPTZ4-yCiE6B7C-45" value="적립금" style="ellipse;whiteSpace=wrap;html=1;align=center;" parent="1" vertex="1">
          <mxGeometry x="160" y="850" width="100" height="40" as="geometry" />
        </mxCell>
        <mxCell id="sd9chSyPTZ4-yCiE6B7C-46" value="상품" style="rounded=0;whiteSpace=wrap;html=1;fillColor=#FFFF99;" parent="1" vertex="1">
          <mxGeometry x="970" y="316" width="120" height="60" as="geometry" />
        </mxCell>
        <mxCell id="sd9chSyPTZ4-yCiE6B7C-47" value="" style="endArrow=none;html=1;rounded=0;entryX=0.5;entryY=1;entryDx=0;entryDy=0;exitX=0.5;exitY=0;exitDx=0;exitDy=0;" parent="1" source="sd9chSyPTZ4-yCiE6B7C-57" target="sd9chSyPTZ4-yCiE6B7C-46" edge="1">
          <mxGeometry width="50" height="50" relative="1" as="geometry">
            <mxPoint x="1030" y="496" as="sourcePoint" />
            <mxPoint x="1070" y="416" as="targetPoint" />
          </mxGeometry>
        </mxCell>
        <mxCell id="sd9chSyPTZ4-yCiE6B7C-51" value="" style="endArrow=none;html=1;rounded=0;entryX=0.5;entryY=1;entryDx=0;entryDy=0;exitX=0.5;exitY=0;exitDx=0;exitDy=0;" parent="1" source="sd9chSyPTZ4-yCiE6B7C-56" target="sd9chSyPTZ4-yCiE6B7C-46" edge="1">
          <mxGeometry width="50" height="50" relative="1" as="geometry">
            <mxPoint x="870" y="496" as="sourcePoint" />
            <mxPoint x="1100" y="466" as="targetPoint" />
          </mxGeometry>
        </mxCell>
        <mxCell id="sd9chSyPTZ4-yCiE6B7C-52" value="" style="endArrow=none;html=1;rounded=0;entryX=0.5;entryY=1;entryDx=0;entryDy=0;exitX=0.5;exitY=0;exitDx=0;exitDy=0;" parent="1" source="sd9chSyPTZ4-yCiE6B7C-55" target="sd9chSyPTZ4-yCiE6B7C-46" edge="1">
          <mxGeometry width="50" height="50" relative="1" as="geometry">
            <mxPoint x="700" y="496" as="sourcePoint" />
            <mxPoint x="870" y="516" as="targetPoint" />
          </mxGeometry>
        </mxCell>
        <mxCell id="sd9chSyPTZ4-yCiE6B7C-53" value="" style="endArrow=none;html=1;rounded=0;exitX=0.5;exitY=0;exitDx=0;exitDy=0;" parent="1" source="sd9chSyPTZ4-yCiE6B7C-54" edge="1">
          <mxGeometry width="50" height="50" relative="1" as="geometry">
            <mxPoint x="530" y="496" as="sourcePoint" />
            <mxPoint x="1030" y="376" as="targetPoint" />
          </mxGeometry>
        </mxCell>
        <mxCell id="sd9chSyPTZ4-yCiE6B7C-54" value="상품번호" style="ellipse;whiteSpace=wrap;html=1;align=center;fontStyle=4;fillColor=#EA6B66;" parent="1" vertex="1">
          <mxGeometry x="730" y="486" width="100" height="40" as="geometry" />
        </mxCell>
        <mxCell id="sd9chSyPTZ4-yCiE6B7C-55" value="상품명" style="ellipse;whiteSpace=wrap;html=1;align=center;" parent="1" vertex="1">
          <mxGeometry x="900" y="486" width="100" height="40" as="geometry" />
        </mxCell>
        <mxCell id="sd9chSyPTZ4-yCiE6B7C-56" value="재고량" style="ellipse;whiteSpace=wrap;html=1;align=center;" parent="1" vertex="1">
          <mxGeometry x="1070" y="486" width="100" height="40" as="geometry" />
        </mxCell>
        <mxCell id="sd9chSyPTZ4-yCiE6B7C-57" value="단가" style="ellipse;whiteSpace=wrap;html=1;align=center;" parent="1" vertex="1">
          <mxGeometry x="1230" y="486" width="100" height="40" as="geometry" />
        </mxCell>
        <mxCell id="sd9chSyPTZ4-yCiE6B7C-61" value="제조업체" style="rounded=0;whiteSpace=wrap;html=1;fillColor=#FFFF99;" parent="1" vertex="1">
          <mxGeometry x="1694" y="316" width="120" height="60" as="geometry" />
        </mxCell>
        <mxCell id="sd9chSyPTZ4-yCiE6B7C-62" value="" style="endArrow=none;html=1;rounded=0;entryX=0.5;entryY=1;entryDx=0;entryDy=0;exitX=0.5;exitY=0;exitDx=0;exitDy=0;" parent="1" source="sd9chSyPTZ4-yCiE6B7C-69" target="sd9chSyPTZ4-yCiE6B7C-61" edge="1">
          <mxGeometry width="50" height="50" relative="1" as="geometry">
            <mxPoint x="1754" y="496" as="sourcePoint" />
            <mxPoint x="1794" y="416" as="targetPoint" />
          </mxGeometry>
        </mxCell>
        <mxCell id="sd9chSyPTZ4-yCiE6B7C-63" value="" style="endArrow=none;html=1;rounded=0;entryX=0.5;entryY=1;entryDx=0;entryDy=0;exitX=0.5;exitY=0;exitDx=0;exitDy=0;" parent="1" source="sd9chSyPTZ4-yCiE6B7C-68" target="sd9chSyPTZ4-yCiE6B7C-61" edge="1">
          <mxGeometry width="50" height="50" relative="1" as="geometry">
            <mxPoint x="1594" y="496" as="sourcePoint" />
            <mxPoint x="1824" y="466" as="targetPoint" />
          </mxGeometry>
        </mxCell>
        <mxCell id="sd9chSyPTZ4-yCiE6B7C-64" value="" style="endArrow=none;html=1;rounded=0;entryX=0.5;entryY=1;entryDx=0;entryDy=0;exitX=0.5;exitY=0;exitDx=0;exitDy=0;" parent="1" source="sd9chSyPTZ4-yCiE6B7C-67" target="sd9chSyPTZ4-yCiE6B7C-61" edge="1">
          <mxGeometry width="50" height="50" relative="1" as="geometry">
            <mxPoint x="1424" y="496" as="sourcePoint" />
            <mxPoint x="1594" y="516" as="targetPoint" />
          </mxGeometry>
        </mxCell>
        <mxCell id="sd9chSyPTZ4-yCiE6B7C-65" value="" style="endArrow=none;html=1;rounded=0;exitX=0.5;exitY=0;exitDx=0;exitDy=0;" parent="1" source="sd9chSyPTZ4-yCiE6B7C-66" edge="1">
          <mxGeometry width="50" height="50" relative="1" as="geometry">
            <mxPoint x="1254" y="496" as="sourcePoint" />
            <mxPoint x="1754" y="376" as="targetPoint" />
          </mxGeometry>
        </mxCell>
        <mxCell id="sd9chSyPTZ4-yCiE6B7C-66" value="제조업체명" style="ellipse;whiteSpace=wrap;html=1;align=center;fontStyle=4;fillColor=#EA6B66;" parent="1" vertex="1">
          <mxGeometry x="1454" y="486" width="100" height="40" as="geometry" />
        </mxCell>
        <mxCell id="sd9chSyPTZ4-yCiE6B7C-67" value="전화번호" style="ellipse;whiteSpace=wrap;html=1;align=center;" parent="1" vertex="1">
          <mxGeometry x="1624" y="486" width="100" height="40" as="geometry" />
        </mxCell>
        <mxCell id="sd9chSyPTZ4-yCiE6B7C-68" value="위치" style="ellipse;whiteSpace=wrap;html=1;align=center;" parent="1" vertex="1">
          <mxGeometry x="1794" y="486" width="100" height="40" as="geometry" />
        </mxCell>
        <mxCell id="sd9chSyPTZ4-yCiE6B7C-69" value="담당자" style="ellipse;whiteSpace=wrap;html=1;align=center;" parent="1" vertex="1">
          <mxGeometry x="1954" y="486" width="100" height="40" as="geometry" />
        </mxCell>
        <mxCell id="sd9chSyPTZ4-yCiE6B7C-70" value="게시글" style="rounded=0;whiteSpace=wrap;html=1;fillColor=#FFFF99;" parent="1" vertex="1">
          <mxGeometry x="1304" y="596" width="120" height="60" as="geometry" />
        </mxCell>
        <mxCell id="sd9chSyPTZ4-yCiE6B7C-71" value="" style="endArrow=none;html=1;rounded=0;entryX=0.5;entryY=1;entryDx=0;entryDy=0;exitX=0.5;exitY=0;exitDx=0;exitDy=0;" parent="1" source="sd9chSyPTZ4-yCiE6B7C-78" target="sd9chSyPTZ4-yCiE6B7C-70" edge="1">
          <mxGeometry width="50" height="50" relative="1" as="geometry">
            <mxPoint x="1364" y="776" as="sourcePoint" />
            <mxPoint x="1404" y="696" as="targetPoint" />
          </mxGeometry>
        </mxCell>
        <mxCell id="sd9chSyPTZ4-yCiE6B7C-72" value="" style="endArrow=none;html=1;rounded=0;entryX=0.5;entryY=1;entryDx=0;entryDy=0;exitX=0.5;exitY=0;exitDx=0;exitDy=0;" parent="1" source="sd9chSyPTZ4-yCiE6B7C-77" target="sd9chSyPTZ4-yCiE6B7C-70" edge="1">
          <mxGeometry width="50" height="50" relative="1" as="geometry">
            <mxPoint x="1204" y="776" as="sourcePoint" />
            <mxPoint x="1434" y="746" as="targetPoint" />
          </mxGeometry>
        </mxCell>
        <mxCell id="sd9chSyPTZ4-yCiE6B7C-73" value="" style="endArrow=none;html=1;rounded=0;entryX=0.5;entryY=1;entryDx=0;entryDy=0;exitX=0.5;exitY=0;exitDx=0;exitDy=0;" parent="1" source="sd9chSyPTZ4-yCiE6B7C-76" target="sd9chSyPTZ4-yCiE6B7C-70" edge="1">
          <mxGeometry width="50" height="50" relative="1" as="geometry">
            <mxPoint x="1034" y="776" as="sourcePoint" />
            <mxPoint x="1204" y="796" as="targetPoint" />
          </mxGeometry>
        </mxCell>
        <mxCell id="sd9chSyPTZ4-yCiE6B7C-74" value="" style="endArrow=none;html=1;rounded=0;exitX=0.5;exitY=0;exitDx=0;exitDy=0;" parent="1" source="sd9chSyPTZ4-yCiE6B7C-75" edge="1">
          <mxGeometry width="50" height="50" relative="1" as="geometry">
            <mxPoint x="864" y="776" as="sourcePoint" />
            <mxPoint x="1364" y="656" as="targetPoint" />
          </mxGeometry>
        </mxCell>
        <mxCell id="sd9chSyPTZ4-yCiE6B7C-75" value="글번호" style="ellipse;whiteSpace=wrap;html=1;align=center;fontStyle=4;fillColor=#EA6B66;" parent="1" vertex="1">
          <mxGeometry x="1064" y="766" width="100" height="40" as="geometry" />
        </mxCell>
        <mxCell id="sd9chSyPTZ4-yCiE6B7C-76" value="글제목" style="ellipse;whiteSpace=wrap;html=1;align=center;" parent="1" vertex="1">
          <mxGeometry x="1234" y="766" width="100" height="40" as="geometry" />
        </mxCell>
        <mxCell id="sd9chSyPTZ4-yCiE6B7C-77" value="글내용" style="ellipse;whiteSpace=wrap;html=1;align=center;" parent="1" vertex="1">
          <mxGeometry x="1404" y="766" width="100" height="40" as="geometry" />
        </mxCell>
        <mxCell id="sd9chSyPTZ4-yCiE6B7C-78" value="작성일자" style="ellipse;whiteSpace=wrap;html=1;align=center;" parent="1" vertex="1">
          <mxGeometry x="1564" y="766" width="100" height="40" as="geometry" />
        </mxCell>
        <mxCell id="aV8pcYjn29Qp9_OsReKO-4" value="회원" style="rounded=0;whiteSpace=wrap;html=1;fillColor=#FFFF99;" vertex="1" parent="1">
          <mxGeometry x="480" y="554" width="120" height="60" as="geometry" />
        </mxCell>
        <mxCell id="aV8pcYjn29Qp9_OsReKO-5" value="주문" style="shape=rhombus;perimeter=rhombusPerimeter;whiteSpace=wrap;html=1;align=center;" vertex="1" parent="1">
          <mxGeometry x="570" y="210" width="120" height="60" as="geometry" />
        </mxCell>
      </root>
    </mxGraphModel>
  </diagram>
</mxfile>
